player,pos,team,data_src,pass_yds,pass_td,pass_int,rush_yds,rush_td,rec,rec_yds,rec_td,fumbles,src_pts
Josh Allen,QB,BUF,ESPN,3949,26,12,581,12,0,0,0,0,368.06000000000006
Lamar Jackson,QB,BAL,ESPN,3886,26,10,671,4,0,0,0,0,330.54
Jayden Daniels,QB,WAS,ESPN,3846,22,10,669,5,0,0,0,0,318.74
Drake Maye,QB,NE,ESPN,4100,27,11,533,4,0,0,0,0,327.3
Joe Burrow,QB,CIN,ESPN,4131,33,11,189,2,0,0,0,0,306.14
Jalen Hurts,QB,PHI,ESPN,3777,23,9,437,9,0,0,0,0,322.78000000000003
Dak Prescott,QB,DAL,ESPN,4108,30,12,186,2,0,0,0,0,290.92
Jaxson Dart,QB,NYG,ESPN,3679,21,10,553,6,0,0,0,0,302.46
Justin Herbert,QB,LAC,ESPN,3849,26,11,406,2,0,0,0,0,288.56000000000006
Caleb Williams,QB,CHI,ESPN,3837,25,10,381,2,0,0,0,0,283.58
Trevor Lawrence,QB,JAC,ESPN,3945,25,13,335,5,0,0,0,0,295.3
Brock Purdy,QB,SF,ESPN,4178,27,14,277,3,0,0,0,0,292.82
Patrick Mahomes,QB,KCC,ESPN,4001,26,12,327,3,0,0,0,0,290.73999999999995
Bo Nix,QB,DEN,ESPN,3875,26,11,356,4,0,0,0,0,296.6
Matthew Stafford,QB,LAR,ESPN,4279,35,10,39,1,0,0,0,0,301.05999999999995
Kyler Murray,QB,MIN,ESPN,3778,22,11,502,4,0,0,0,0,291.32
Tyler Shough,QB,NO,ESPN,3884,20,11,285,4,0,0,0,0,265.86
Jared Goff,QB,DET,ESPN,4219,29,10,50,1,0,0,0,0,275.76
Baker Mayfield,QB,TB,ESPN,3824,25,12,323,1,0,0,0,0,267.26
Daniel Jones,QB,IND,ESPN,3745,20,11,307,6,0,0,0,0,274.5
Jordan Love,QB,GB,ESPN,4038,26,11,212,1,0,0,0,0,270.71999999999997
Malik Willis,QB,MIA,ESPN,3563,13,10,547,3,0,0,0,0,247.22000000000003
C.J. Stroud,QB,HOU,ESPN,3948,21,12,249,1,0,0,0,0,248.82000000000002
Sam Darnold,QB,SEA,ESPN,4012,24,12,126,1,0,0,0,0,251.08
Bryce Young,QB,CAR,ESPN,3637,20,12,273,2,0,0,0,0,240.78
Cam Ward,QB,TEN,ESPN,3757,17,10,201,2,0,0,0,0,230.38
Jacoby Brissett,QB,ARI,ESPN,3352,15,9,210,1,0,0,0,0,203.08
Geno Smith,QB,NYJ,ESPN,3824,21,14,220,1,0,0,0,0,236.96
Fernando Mendoza,QB,LV,ESPN,3058,14,11,226,2,0,0,0,0,190.92
Aaron Rodgers,QB,PIT,ESPN,3770,20,11,100,1,0,0,0,0,224.8
Deshaun Watson,QB,CLE,ESPN,1282,5,4,130,1,0,0,0,0,82.28
Tua Tagovailoa,QB,ATL,ESPN,2173,10,8,44,0,0,0,0,0,115.32000000000001
Shedeur Sanders,QB,CLE,ESPN,2435,10,8,182,1,0,0,0,0,145.6
Kirk Cousins,QB,LV,ESPN,832,4,3,11,0,0,0,0,0,44.38
Michael Penix Jr.,QB,ATL,ESPN,1883,9,5,77,1,0,0,0,0,115.02000000000001
J.J. McCarthy,QB,MIN,ESPN,165,1,1,6,0,0,0,0,0,9.200000000000001
Carson Beck,QB,ARI,ESPN,451,3,2,29,0,0,0,0,0,28.939999999999998
Justin Fields,QB,KCC,ESPN,141,1,0,15,0,0,0,0,0,11.14
Joe Flacco,QB,CIN,ESPN,165,1,1,1,0,0,0,0,0,8.700000000000001
Mac Jones,QB,SF,ESPN,146,1,1,2,0,0,0,0,0,8.04
Ty Simpson,QB,LAR,ESPN,146,1,1,5,0,0,0,0,0,8.34
Jameis Winston,QB,NYG,ESPN,163,1,1,3,0,0,0,0,0,8.82
Josh Allen,QB,BUF,CBS,3704,30,13,610,10,0,0,0,4,355.15999999999997
Lamar Jackson,QB,BAL,CBS,3365,33,11,604,3,0,0,0,4,315
Dak Prescott,QB,DAL,CBS,4428,33,12,173,2,0,0,0,2,310.42
Trevor Lawrence,QB,JAC,CBS,3843,31,15,330,6,0,0,0,3,310.72
Jayden Daniels,QB,WAS,CBS,3415,26,12,745,5,0,0,0,2,317.1
Joe Burrow,QB,CIN,CBS,4266,34,14,165,1,0,0,0,1,299.14
Drake Maye,QB,NE,CBS,3849,28,11,513,4,0,0,0,6,307.26000000000005
Caleb Williams,QB,CHI,CBS,3909,30,10,402,2,0,0,0,2,304.56
Jalen Hurts,QB,PHI,CBS,3367,26,6,490,8,0,0,0,4,315.68
Jaxson Dart,QB,NYG,CBS,3510,26,14,531,7,0,0,0,2,307.5
Brock Purdy,QB,SF,CBS,4125,29,16,350,5,0,0,0,5,304
Patrick Mahomes,QB,KC,CBS,3678,29,13,437,4,0,0,0,1,302.82
Matthew Stafford,QB,LAR,CBS,4050,34,7,38,0,0,0,0,2,283.8
Jared Goff,QB,DET,CBS,4250,34,10,45,0,0,0,0,4,282.5
Justin Herbert,QB,LAC,CBS,3761,28,13,518,2,0,0,0,2,296.24
Baker Mayfield,QB,TB,CBS,3945,29,15,399,2,0,0,0,3,289.70000000000005
Daniel Jones,QB,IND,CBS,3843,30,12,167,3,0,0,0,3,278.42
Malik Willis,QB,MIA,CBS,3110,26,17,724,5,0,0,0,6,284.8
Kyler Murray,QB,MIN,CBS,3485,28,20,491,4,0,0,0,4,276.5
Bo Nix,QB,DEN,CBS,3508,27,10,306,3,0,0,0,1,274.92
Sam Darnold,QB,SEA,CBS,4120,32,14,145,0,0,0,0,6,267.3
C.J. Stroud,QB,HOU,CBS,3920,28,12,249,1,0,0,0,3,269.7
Jordan Love,QB,GB,CBS,3686,29,10,222,1,0,0,0,2,267.64
Tyler Shough,QB,NO,CBS,4002,24,14,328,4,0,0,0,4,276.88000000000005
Bryce Young,QB,CAR,CBS,3379,26,14,283,4,0,0,0,2,259.46000000000004
Jacoby Brissett,QB,ARI,CBS,3767,24,12,242,2,0,0,0,6,246.88
Cam Ward,QB,TEN,CBS,3338,23,10,148,3,0,0,0,6,226.32000000000002
Geno Smith,QB,NYJ,CBS,2945,24,16,255,1,0,0,0,1,211.3
Aaron Rodgers,QB,PIT,CBS,3032,23,9,68,1,0,0,0,2,204.08
Deshaun Watson,QB,CLE,CBS,2655,17,11,256,2,0,0,0,5,179.79999999999998
Fernando Mendoza,QB,LV,CBS,2609,18,16,256,1,0,0,0,2,171.96
Tua Tagovailoa,QB,ATL,CBS,2335,16,7,39,0,0,0,0,1,145.3
Michael Penix Jr.,QB,ATL,CBS,1257,8,3,38,1,0,0,0,1,84.08
Kirk Cousins,QB,LV,CBS,669,5,4,9,0,0,0,0,1,37.660000000000004
Shedeur Sanders,QB,CLE,CBS,664,4,3,65,0,0,0,0,1,41.06
Ty Simpson,QB,LAR,CBS,450,4,1,32,0,0,0,0,0,35.2
Marcus Mariota,QB,WAS,CBS,342,3,1,6,0,0,0,0,0,24.28
Tyler Huntley,QB,BAL,CBS,133,1,0,28,0,0,0,0,0,12.120000000000001
Davis Mills,QB,HOU,CBS,160,1,0,19,0,0,0,0,0,12.3
Mason Rudolph,QB,PIT,CBS,135,1,0,17,0,0,0,0,0,11.100000000000001
Tommy DeVito,QB,NE,CBS,157,1,0,21,0,0,0,0,0,12.38
Jarrett Stidham,QB,DEN,CBS,144,1,0,19,0,0,0,0,0,11.66
Tyrod Taylor,QB,GB,CBS,151,1,0,21,0,0,0,0,0,12.139999999999999
Anthony Richardson,QB,IND,CBS,110,1,0,20,0,0,0,0,0,10.4
Joshua Dobbs,QB,DET,CBS,180,1,0,9,0,0,0,0,0,12.1
Jalon Daniels,QB,TB,CBS,120,1,0,10,0,0,0,0,0,9.8
Mitch Trubisky,QB,TEN,CBS,123,1,0,7,0,0,0,0,0,9.62
Tanner McKee,QB,PHI,CBS,129,1,0,16,0,0,0,0,0,10.76
Gardner Minshew,QB,ARI,CBS,154,1,0,15,0,0,0,0,0,11.66
Cole Payton,QB,PHI,CBS,105,1,0,10,0,0,0,0,0,9.2
Stetson Bennett,QB,LAR,CBS,135,1,0,10,0,0,0,0,0,10.4
Tyson Bagent,QB,CHI,CBS,158,1,0,14,0,0,0,0,0,11.72
Riley Leonard,QB,IND,CBS,161,1,0,20,0,0,0,0,1,10.440000000000001
Kyle Allen,QB,BUF,CBS,96,1,0,2,0,0,0,0,0,8.04
Brady Cook,QB,NYJ,CBS,124,1,1,19,0,0,0,0,0,8.860000000000001
Cade Klubnik,QB,NYJ,CBS,90,1,0,9,0,0,0,0,0,8.5
Trey Lance,QB,LAC,CBS,149,1,1,19,0,0,0,0,0,9.860000000000001
J.J. McCarthy,QB,MIN,CBS,137,1,1,19,0,0,0,0,0,9.38
Kenny Pickett,QB,CAR,CBS,135,1,1,22,0,0,0,0,0,9.600000000000001
Andy Dalton,QB,PHI,CBS,140,1,0,23,0,0,0,0,1,9.900000000000002
Mac Jones,QB,SF,CBS,167,1,1,18,0,0,0,0,0,10.48
Jalen Milroe,QB,SEA,CBS,89,1,0,14,0,0,0,0,0,8.96
Justin Fields,QB,KC,CBS,148,1,1,21,0,0,0,0,0,10.02
Quinn Ewers,QB,MIA,CBS,157,1,1,19,0,0,0,0,0,10.180000000000001
Spencer Rattler,QB,NO,CBS,160,1,1,17,0,0,0,0,0,10.100000000000001
Drew Lock,QB,SEA,CBS,159,1,1,21,0,0,0,0,0,10.459999999999999
Jameis Winston,QB,NYG,CBS,143,1,1,22,0,0,0,0,1,7.919999999999998
Kyle McCord,QB,GB,CBS,93,1,1,8,0,0,0,0,0,6.5200000000000005
Joe Flacco,QB,CIN,CBS,174,1,1,16,0,0,0,0,1,8.56
Josh Allen,QB,BUF,FantasyPros,3813.4,27.5,11.2,586,11.5,0,0,0,4.1,359.536
Lamar Jackson,QB,BAL,FantasyPros,3651.6,28.3,9.6,640.3,3.2,0,0,0,4.2,314.89400000000006
Jayden Daniels,QB,WAS,FantasyPros,3677.1,23.8,11,685.4,4.7,0,0,0,2.8,311.424
Drake Maye,QB,NE,FantasyPros,3999.3,27.7,10.4,492.9,3.7,0,0,0,5.6,310.262
Jalen Hurts,QB,PHI,FantasyPros,3566.5,24.2,7.4,461.1,8.4,0,0,0,4,313.16999999999996
Joe Burrow,QB,CIN,FantasyPros,4175,33.3,11.6,178.5,1.4,0,0,0,1.9,299.45
Jaxson Dart,QB,NYG,FantasyPros,3586.3,22.3,11,549.3,6.5,0,0,0,2.9,298.782
Trevor Lawrence,QB,JAC,FantasyPros,3912.1,27,13,322,4.9,0,0,0,3.4,293.284
Brock Purdy,QB,SF,FantasyPros,4154,27.3,14.3,304.4,3.8,0,0,0,4.3,291.40000000000003
Dak Prescott,QB,DAL,FantasyPros,4288.3,30.9,11.3,173.3,1.7,0,0,0,2.8,294.46199999999993
Jahmyr Gibbs,RB,DET,ESPN,0,0,0,1376,14,68,546,3,0,362.20000000000005
Bijan Robinson,RB,ATL,ESPN,0,0,0,1372,8,76,708,3,0,350.00000000000006
Jonathan Taylor,RB,IND,ESPN,0,0,0,1502,12,50,390,1,0,317.20000000000005
Christian McCaffrey,RB,SF,ESPN,0,0,0,1130,9,79,678,5,0,343.8
James Cook III,RB,BUF,ESPN,0,0,0,1405,11,36,302,2,0,284.7
De'Von Achane,RB,MIA,ESPN,0,0,0,1311,5,65,513,3,0,295.4
Omarion Hampton,RB,LAC,ESPN,0,0,0,1085,9,52,363,2,0,262.8
Chase Brown,RB,CIN,ESPN,0,0,0,1036,7,64,434,3,0,271
Saquon Barkley,RB,PHI,ESPN,0,0,0,1284,9,43,371,2,0,274.5
Derrick Henry,RB,BAL,ESPN,0,0,0,1505,13,21,210,1,0,276.5
Ashton Jeanty,RB,LV,ESPN,0,0,0,1122,7,65,492,2,0,280.4
Jeremiyah Love,RB,ARI,ESPN,0,0,0,1119,7,65,486,2,0,279.5
Kenneth Walker III,RB,KCC,ESPN,0,0,0,1239,9,48,376,2,0,275.5
Breece Hall,RB,NYJ,ESPN,0,0,0,1163,8,52,440,3,0,278.3
Javonte Williams,RB,DAL,ESPN,0,0,0,1263,11,37,218,2,0,263.1
Kyren Williams,RB,LAR,ESPN,0,0,0,1070,10,33,223,2,0,234.3
Travis Etienne Jr.,RB,NO,ESPN,0,0,0,1141,6,45,389,2,0,246.00000000000003
Quinshon Judkins,RB,CLE,ESPN,0,0,0,1246,7,32,222,1,0,226.8
Cam Skattebo,RB,NYG,ESPN,0,0,0,1012,7,45,332,1,0,227.39999999999998
D'Andre Swift,RB,CHI,ESPN,0,0,0,980,8,31,270,1,0,210
Bhayshul Tuten,RB,JAC,ESPN,0,0,0,995,7,34,251,1,0,206.6
Bucky Irving,RB,TB,ESPN,0,0,0,991,5,37,294,2,0,207.50000000000003
David Montgomery,RB,HOU,ESPN,0,0,0,985,7,32,228,1,0,201.3
Jadarian Price,RB,SEA,ESPN,0,0,0,923,8,27,212,1,0,194.5
TreVeyon Henderson,RB,NE,ESPN,0,0,0,839,7,39,269,1,0,197.8
Rhamondre Stevenson,RB,NE,ESPN,0,0,0,742,7,42,350,2,0,205.2
Tony Pollard,RB,TEN,ESPN,0,0,0,1043,5,30,182,0,0,182.5
Jaylen Warren,RB,PIT,ESPN,0,0,0,809,5,46,320,1,0,194.9
Kenny Gainwell,RB,TB,ESPN,0,0,0,521,5,52,342,2,0,180.3
MarShawn Lloyd,RB,GB,ESPN,0,0,0,621,5,21,148,1,0,133.89999999999998
Josh Jacobs,RB,GB,ESPN,0,0,0,719,8,24,183,1,0,168.20000000000002
Rico Dowdle,RB,PIT,ESPN,0,0,0,993,6,29,211,1,0,191.4
Jonathon Brooks,RB,CAR,ESPN,0,0,0,852,5,37,279,1,0,186.1
Chuba Hubbard,RB,CAR,ESPN,0,0,0,732,4,41,300,1,0,174.2
Aaron Jones Sr.,RB,MIN,ESPN,0,0,0,654,3,47,345,2,0,176.9
Rachaad White,RB,WAS,ESPN,0,0,0,567,5,40,266,2,0,165.3
J.K. Dobbins,RB,DEN,ESPN,0,0,0,958,7,21,132,1,0,178
Kyle Monangai,RB,CHI,ESPN,0,0,0,813,6,26,216,1,0,170.9
RJ Harvey,RB,DEN,ESPN,0,0,0,316,3,49,367,3,0,153.3
Blake Corum,RB,LAR,ESPN,0,0,0,837,7,17,117,1,0,160.39999999999998
Jacory Croskey-Merritt,RB,WAS,ESPN,0,0,0,846,7,16,119,1,0,160.50000000000003
Tyjae Spears,RB,TEN,ESPN,0,0,0,446,3,50,336,2,0,158.2
Jordan Mason,RB,MIN,ESPN,0,0,0,902,7,13,84,0,0,153.6
Zach Charbonnet,RB,SEA,ESPN,0,0,0,555,7,20,145,0,0,132
Woody Marks,RB,HOU,ESPN,0,0,0,614,3,24,199,1,0,129.3
Jonah Coleman,RB,DEN,ESPN,0,0,0,272,2,17,126,1,0,74.80000000000001
Chris Rodriguez Jr.,RB,JAC,ESPN,0,0,0,433,3,4,30,0,0,68.30000000000001
Isiah Pacheco,RB,DET,ESPN,0,0,0,541,4,13,85,1,0,105.6
Alvin Kamara,RB,NO,ESPN,0,0,0,451,2,31,208,1,0,114.89999999999999
Tyler Allgeier,RB,ARI,ESPN,0,0,0,391,3,18,128,0,0,87.89999999999999
Dylan Sampson,RB,CLE,ESPN,0,0,0,236,1,30,208,1,0,86.4
Brian Robinson Jr.,RB,ATL,ESPN,0,0,0,560,4,9,59,0,0,94.9
Keaton Mitchell,RB,LAC,ESPN,0,0,0,393,2,20,157,1,0,93.00000000000001
Mike Washington Jr.,RB,LV,ESPN,0,0,0,368,2,9,64,0,0,64.2
Braelon Allen,RB,NYJ,ESPN,0,0,0,348,3,13,90,0,0,74.80000000000001
Tank Bigsby,RB,PHI,ESPN,0,0,0,372,3,4,29,0,0,62.1
Ray Davis,RB,BUF,ESPN,0,0,0,138,1,8,60,0,0,33.8
Najee Harris,RB,NYG,ESPN,0,0,0,432,2,12,76,0,0,74.8
Justice Hill,RB,BAL,ESPN,0,0,0,268,2,39,348,2,0,124.6
Kaelon Black,RB,SF,ESPN,0,0,0,311,2,8,62,0,0,57.300000000000004
Kimani Vidal,RB,LAC,ESPN,0,0,0,136,1,8,63,0,0,33.900000000000006
Jaylen Wright,RB,MIA,ESPN,0,0,0,252,1,7,56,0,0,43.800000000000004
Ollie Gordon II,RB,MIA,ESPN,0,0,0,195,1,4,28,0,0,32.3
Samaje Perine,RB,CIN,ESPN,0,0,0,440,3,19,139,1,0,100.9
Ty Johnson,RB,BUF,ESPN,0,0,0,220,2,22,208,1,0,82.8
Malik Davis,RB,DAL,ESPN,0,0,0,290,2,8,59,0,0,54.9
Brashard Smith,RB,KCC,ESPN,0,0,0,175,1,16,121,1,0,57.6
Chris Brooks,RB,GB,ESPN,0,0,0,234,2,19,137,1,0,74.10000000000001
Emmett Johnson,RB,KCC,ESPN,0,0,0,258,2,8,59,0,0,51.699999999999996
Isaiah Davis,RB,NYJ,ESPN,0,0,0,178,1,13,96,0,0,46.4
LeQuint Allen Jr.,RB,JAC,ESPN,0,0,0,34,0,22,148,1,0,46.2
George Holani,RB,SEA,ESPN,0,0,0,164,2,8,62,0,0,42.60000000000001
Tyrone Tracy Jr.,RB,NYG,ESPN,0,0,0,152,1,12,87,0,0,41.900000000000006
Sean Tucker,RB,TB,ESPN,0,0,0,182,2,2,14,0,0,33.6
Seth McGowan,RB,IND,ESPN,0,0,0,138,1,9,59,0,0,34.7
Jordan James,RB,SF,ESPN,0,0,0,151,1,4,31,0,0,28.200000000000003
Will Shipley,RB,PHI,ESPN,0,0,0,40,0,11,83,0,0,23.3
Jacob Saylors,RB,DET,ESPN,0,0,0,101,1,4,30,0,0,23.1
Nicholas Singleton,RB,TEN,ESPN,0,0,0,84,1,4,30,0,0,21.4
Kendre Miller,RB,NO,ESPN,0,0,0,100,0,3,22,0,0,15.2
Tahj Brooks,RB,CIN,ESPN,0,0,0,128,1,0,0,0,0,18.8
Demond Claiborne,RB,MIN,ESPN,0,0,0,59,0,5,29,0,0,13.8
Rasheen Ali,RB,BAL,ESPN,0,0,0,62,0,4,28,0,0,13
Kaytron Allen,RB,WAS,ESPN,0,0,0,51,0,4,29,0,0,12.000000000000002
DJ Giddens,RB,IND,ESPN,0,0,0,53,0,4,29,0,0,12.200000000000001
Emanuel Wilson,RB,SEA,ESPN,0,0,0,48,0,1,10,0,0,6.800000000000001
Kaleb Johnson,RB,GB,ESPN,0,0,0,33,0,1,10,0,0,5.300000000000001
Kene Nwangwu,RB,NYJ,ESPN,0,0,0,0,0,0,0,0,0,0
Bam Knight,RB,ARI,ESPN,0,0,0,0,0,0,0,0,0,0
Sione Vaki,RB,DET,ESPN,0,0,0,0,0,0,0,0,0,0
Dylan Laube,RB,LV,ESPN,0,0,0,0,0,0,0,0,0,0
Tyler Badie,RB,DEN,ESPN,0,0,0,0,0,0,0,0,0,0
Adam Randall,RB,BAL,ESPN,0,0,0,0,0,0,0,0,0,0
James Conner,RB,ARI,ESPN,0,0,0,0,0,0,0,0,0,0
Trey Benson,RB,ARI,ESPN,0,0,0,0,0,0,0,0,0,0
Riley Nowakowski,RB,PIT,ESPN,0,0,0,0,0,4,29,0,0,6.9
Kyle Juszczyk,RB,SF,ESPN,0,0,0,19,0,20,161,1,0,44
Hunter Luepke,RB,DAL,ESPN,0,0,0,56,0,9,62,0,0,20.8
Jahmyr Gibbs,RB,DET,CBS,0,0,0,1353,15,74,625,5,1,389.8
Jonathan Taylor,RB,IND,CBS,0,0,0,1579,15,42,344,2,2,332.29999999999995
Bijan Robinson,RB,ATL,CBS,0,0,0,1399,9,71,702,4,2,355.09999999999997
Derrick Henry,RB,BAL,CBS,0,0,0,1655,15,17,171,1,2,291.6
Christian McCaffrey,RB,SF,CBS,0,0,0,1007,8,75,686,5,1,320.3
De'Von Achane,RB,MIA,CBS,0,0,0,1130,7,76,552,6,1,320.2
James Cook,RB,BUF,CBS,0,0,0,1435,9,32,273,2,3,262.8
Chase Brown,RB,CIN,CBS,0,0,0,1008,9,73,471,5,1,302.90000000000003
Saquon Barkley,RB,PHI,CBS,0,0,0,1375,7,41,314,2,1,261.9
Kenneth Walker III,RB,KC,CBS,0,0,0,1205,8,47,360,0,1,249.5
Javonte Williams,RB,DAL,CBS,0,0,0,1198,11,31,147,1,2,233.5
D'Andre Swift,RB,CHI,CBS,0,0,0,1121,9,36,325,1,1,238.60000000000002
Cam Skattebo,RB,NYG,CBS,0,0,0,907,9,43,351,4,2,242.79999999999998
Kyren Williams,RB,LAR,CBS,0,0,0,1046,9,33,243,3,2,229.90000000000003
Bucky Irving,RB,TB,CBS,0,0,0,1028,6,44,400,3,1,238.8
Ashton Jeanty,RB,LV,CBS,0,0,0,875,8,49,300,5,1,242.5
Travis Etienne,RB,NO,CBS,0,0,0,986,5,48,359,5,1,240.50000000000003
Omarion Hampton,RB,LAC,CBS,0,0,0,893,10,46,298,2,1,235.10000000000002
Bhayshul Tuten,RB,JAC,CBS,0,0,0,891,12,16,128,3,3,201.90000000000003
Breece Hall,RB,NYJ,CBS,0,0,0,1014,6,40,370,2,2,222.4
Jeremiyah Love,RB,ARI,CBS,0,0,0,946,7,43,382,2,3,223.8
Quinshon Judkins,RB,CLE,CBS,0,0,0,973,10,37,243,0,1,216.60000000000002
David Montgomery,RB,HOU,CBS,0,0,0,1014,9,27,214,0,2,199.8
Jadarian Price,RB,SEA,CBS,0,0,0,977,8,20,222,1,3,187.89999999999998
J.K. Dobbins,RB,DEN,CBS,0,0,0,1137,7,21,77,0,1,182.39999999999998
TreVeyon Henderson,RB,NE,CBS,0,0,0,882,7,33,207,1,1,187.89999999999998
Jaylen Warren,RB,PIT,CBS,0,0,0,836,5,40,316,2,1,195.20000000000002
Rico Dowdle,RB,PIT,CBS,0,0,0,833,7,36,252,1,1,190.5
Jonathon Brooks,RB,CAR,CBS,0,0,0,880,7,24,199,1,2,175.9
Tony Pollard,RB,TEN,CBS,0,0,0,990,6,34,215,0,3,184.5
MarShawn Lloyd,RB,GB,CBS,0,0,0,935,7,13,124,1,3,160.9
RJ Harvey,RB,DEN,CBS,0,0,0,530,6,45,332,4,1,189.2
Rhamondre Stevenson,RB,NE,CBS,0,0,0,692,6,33,332,2,3,177.39999999999998
Jordan Mason,RB,MIN,CBS,0,0,0,905,7,18,82,0,1,156.7
Jacory Croskey-Merritt,RB,WAS,CBS,0,0,0,859,8,9,71,0,2,146
Chuba Hubbard,RB,CAR,CBS,0,0,0,712,5,33,210,3,1,171.2
Kyle Monangai,RB,CHI,CBS,0,0,0,855,5,23,208,0,1,157.3
Blake Corum,RB,LAR,CBS,0,0,0,886,6,6,36,0,1,132.20000000000002
Kenneth Gainwell,RB,TB,CBS,0,0,0,536,4,60,438,2,1,191.4
Josh Jacobs,RB,GB,CBS,0,0,0,644,7,23,186,1,1,152
Rachaad White,RB,WAS,CBS,0,0,0,710,6,25,167,1,1,152.7
Chris Rodriguez Jr.,RB,JAC,CBS,0,0,0,695,8,2,23,0,1,119.8
Aaron Jones,RB,MIN,CBS,0,0,0,661,3,38,291,2,1,161.20000000000002
Woody Marks,RB,HOU,CBS,0,0,0,561,3,21,179,3,1,129
Mike Washington Jr.,RB,LV,CBS,0,0,0,611,4,27,227,1,2,136.8
Kaelon Black,RB,SF,CBS,0,0,0,593,5,13,128,1,2,117.10000000000001
Braelon Allen,RB,NYJ,CBS,0,0,0,550,6,15,111,1,3,117.1
Tank Bigsby,RB,PHI,CBS,0,0,0,649,5,4,35,0,1,100.4
Jordan James,RB,SF,CBS,0,0,0,494,4,24,235,1,2,122.9
Isiah Pacheco,RB,DET,CBS,0,0,0,618,3,26,156,1,1,125.4
Tyjae Spears,RB,TEN,CBS,0,0,0,347,4,50,327,1,1,145.4
Dylan Sampson,RB,CLE,CBS,0,0,0,289,2,44,351,3,2,134
Zach Charbonnet,RB,SEA,CBS,0,0,0,449,6,16,129,0,1,107.80000000000001
Malik Davis,RB,DAL,CBS,0,0,0,554,4,9,75,0,1,93.9
Brian Robinson Jr.,RB,ATL,CBS,0,0,0,528,4,4,23,0,1,81.10000000000001
Tyler Allgeier,RB,ARI,CBS,0,0,0,442,5,16,96,0,1,97.80000000000001
Justice Hill,RB,BAL,CBS,0,0,0,325,3,26,218,2,0,110.3
Alvin Kamara,RB,NO,CBS,0,0,0,441,3,31,227,0,1,113.8
AJ Dillon,RB,CAR,CBS,0,0,0,532,3,18,146,1,5,99.80000000000001
Tyrone Tracy Jr.,RB,NYG,CBS,0,0,0,524,2,19,140,1,1,101.4
Emanuel Wilson,RB,SEA,CBS,0,0,0,531,3,14,94,0,1,92.5
Ty Johnson,RB,BUF,CBS,0,0,0,225,2,24,280,3,0,104.5
Christopher Brooks,RB,GB,CBS,0,0,0,539,2,13,91,0,1,86
Samaje Perine,RB,CIN,CBS,0,0,0,443,4,17,132,0,3,92.50000000000001
Keaton Mitchell,RB,LAC,CBS,0,0,0,473,2,11,72,0,1,75.50000000000001
James Conner,RB,ARI,CBS,0,0,0,217,2,28,213,2,0,95
Najee Harris,RB,NYG,CBS,0,0,0,352,3,10,75,0,0,70.7
Kimani Vidal,RB,LAC,CBS,0,0,0,333,2,16,145,1,0,81.80000000000001
Adam Randall,RB,BAL,CBS,0,0,0,339,2,13,141,1,1,77
Jaylen Wright,RB,MIA,CBS,0,0,0,384,2,7,49,0,2,58.300000000000004
Kyle Juszczyk,FB,SF,CBS,0,0,0,2,0,27,257,2,0,64.9
Brashard Smith,RB,KC,CBS,0,0,0,186,1,21,142,1,0,65.80000000000001
Roschon Johnson,RB,CHI,CBS,0,0,0,116,3,3,18,0,0,34.4
LeQuint Allen,RB,JAC,CBS,0,0,0,218,1,9,50,0,0,41.8
Seth McGowan,RB,IND,CBS,0,0,0,142,2,2,25,0,0,30.700000000000003
Kendre Miller,RB,NO,CBS,0,0,0,140,2,2,12,0,0,29.2
Isaiah Davis,RB,NYJ,CBS,0,0,0,171,1,7,61,0,0,36.2
Sean Tucker,RB,TB,CBS,0,0,0,145,2,1,6,0,0,28.1
Kaytron Allen,RB,WAS,CBS,0,0,0,171,1,2,22,0,0,27.3
Emari Demercado,RB,KC,CBS,0,0,0,206,0,5,41,0,0,29.700000000000003
Corey Kiner,RB,ARI,CBS,0,0,0,149,1,2,20,0,0,24.9
Andrew Beck,FB,NYJ,CBS,0,0,0,8,0,5,35,2,0,21.3
Michael Burton,FB,CLE,CBS,0,0,0,10,1,6,40,1,0,23
Audric Estime,RB,NO,CBS,0,0,0,122,1,3,24,0,0,23.6
Jonah Coleman,RB,DEN,CBS,0,0,0,134,1,3,23,0,0,24.7
Emmett Johnson,RB,KC,CBS,0,0,0,126,1,2,23,0,0,22.900000000000002
Demond Claiborne,RB,MIN,CBS,0,0,0,133,1,2,21,0,0,23.400000000000002
Ameer Abdullah,RB,JAC,CBS,0,0,0,71,1,8,56,0,0,26.700000000000003
Nicholas Singleton,RB,TEN,CBS,0,0,0,104,1,2,21,0,0,20.5
Eli Heidenreich,RB,PIT,CBS,0,0,0,117,1,2,21,0,0,21.800000000000004
DJ Giddens,RB,IND,CBS,0,0,0,133,1,1,11,0,0,21.400000000000002
Kene Nwangwu,RB,NYJ,CBS,0,0,0,132,1,0,4,0,0,19.6
George Holani,RB,SEA,CBS,0,0,0,118,1,4,30,0,0,24.8
Zonovan Knight,RB,ARI,CBS,0,0,0,86,1,3,20,0,0,19.6
Raheim Sanders,RB,CLE,CBS,0,0,0,107,1,2,17,0,0,20.400000000000002
Devin Singletary,RB,NYG,CBS,0,0,0,130,1,1,10,0,0,21
Isaac Guerendo,RB,SF,CBS,0,0,0,122,1,3,29,0,0,24.1
Rasheen Ali,RB,BAL,CBS,0,0,0,47,0,7,53,1,0,23
Ollie Gordon II,RB,MIA,CBS,0,0,0,80,1,1,4,0,0,15.4
Ray Davis,RB,BUF,CBS,0,0,0,163,0,2,18,0,0,20.1
Jahmyr Gibbs,RB,DET,FantasyPros,0,0,0,1383.7,13.8,71.3,581.1,4.1,1.1,372.9800000000001
Bijan Robinson,RB,ATL,FantasyPros,0,0,0,1391.1,8.8,76.9,705.6,3.5,1.8,356.77
Christian McCaffrey,RB,SF,FantasyPros,0,0,0,1093.6,8.7,78.6,693,4.6,1.1,334.86
Jonathan Taylor,RB,IND,FantasyPros,0,0,0,1505.8,12.9,42.8,341,1.5,1.7,310.4800000000001
Derrick Henry,RB,BAL,FantasyPros,0,0,0,1577.2,13.4,18.1,175,0.7,1.7,274.52000000000004
De'Von Achane,RB,MIA,FantasyPros,0,0,0,1200.8,6,65.5,491.8,4,1,292.76
James Cook III,RB,BUF,FantasyPros,0,0,0,1405.6,10.3,33.3,283.4,1.9,2.4,270.59999999999997
Chase Brown,RB,CIN,FantasyPros,0,0,0,1036.6,7.8,64.1,427.4,3.9,1.1,278.49999999999994
Saquon Barkley,RB,PHI,FantasyPros,0,0,0,1298.4,8.2,42.1,330.6,2.1,1,264.8
Kenneth Walker III,RB,KC,FantasyPros,0,0,0,1207.1,8.7,45.8,352.7,1.2,0.9,259.38
Ja'Marr Chase,WR,CIN,ESPN,0,0,0,21,0,120,1507,11,0,338.8
Puka Nacua,WR,LAR,ESPN,0,0,0,91,1,123,1586,10,0,356.70000000000005
Jaxon Smith-Njigba,WR,SEA,ESPN,0,0,0,25,0,117,1569,9,0,330.4
Amon-Ra St. Brown,WR,DET,ESPN,0,0,0,13,0,118,1426,10,0,321.9
CeeDee Lamb,WR,DAL,ESPN,0,0,0,13,0,103,1376,9,0,295.9
Justin Jefferson,WR,MIN,ESPN,0,0,0,11,0,111,1373,7,0,291.4
Drake London,WR,ATL,ESPN,0,0,0,0,0,102,1250,7,0,269
A.J. Brown,WR,NE,ESPN,0,0,0,0,0,86,1220,7,0,250
Nico Collins,WR,HOU,ESPN,0,0,0,12,0,87,1196,7,0,249.8
Chris Olave,WR,NO,ESPN,0,0,0,0,0,91,1195,7,0,252.5
Rashee Rice,WR,KCC,ESPN,0,0,0,43,1,92,1082,9,0,264.5
George Pickens,WR,DAL,ESPN,0,0,0,0,0,80,1115,8,0,239.5
Garrett Wilson,WR,NYJ,ESPN,0,0,0,11,0,100,1176,5,0,248.7
Malik Nabers,WR,NYG,ESPN,0,0,0,23,0,85,1128,7,0,242.10000000000002
DeVonta Smith,WR,PHI,ESPN,0,0,0,0,0,91,1129,6,0,239.9
Tetairoa McMillan,WR,CAR,ESPN,0,0,0,0,0,83,1182,6,0,237.2
Zay Flowers,WR,BAL,ESPN,0,0,0,57,0,82,1170,5,0,234.7
Emeka Egbuka,WR,TB,ESPN,0,0,0,12,0,70,1127,7,0,225.9
Ladd McConkey,WR,LAC,ESPN,0,0,0,0,0,80,1039,6,0,219.9
Tee Higgins,WR,CIN,ESPN,0,0,0,0,0,73,955,8,0,216.5
Davante Adams,WR,LAR,ESPN,0,0,0,0,0,68,1014,11,0,235.4
Jaylen Waddle,WR,DEN,ESPN,0,0,0,12,0,77,993,6,0,213.5
Terry McLaurin,WR,WAS,ESPN,0,0,0,0,0,77,1051,6,0,218.10000000000002
DJ Moore,WR,BUF,ESPN,0,0,0,36,0,67,946,7,0,207.2
Jameson Williams,WR,DET,ESPN,0,0,0,45,1,64,1026,6,0,213.10000000000002
Rome Odunze,WR,CHI,ESPN,0,0,0,0,0,60,1034,8,0,211.4
Luther Burden III,WR,CHI,ESPN,0,0,0,49,0,76,941,5,0,205
Carnell Tate,WR,TEN,ESPN,0,0,0,0,0,75,1023,4,0,201.3
Mike Evans,WR,SF,ESPN,0,0,0,0,0,57,889,6,0,181.9
Marvin Harrison Jr.,WR,ARI,ESPN,0,0,0,0,0,69,954,5,0,194.4
Michael Pittman Jr.,WR,PIT,ESPN,0,0,0,0,0,88,863,4,0,198.3
DK Metcalf,WR,PIT,ESPN,0,0,0,0,0,65,944,6,0,195.4
Courtland Sutton,WR,DEN,ESPN,0,0,0,0,0,69,894,8,0,206.4
Christian Watson,WR,GB,ESPN,0,0,0,13,0,56,883,7,0,187.60000000000002
Parker Washington,WR,JAC,ESPN,0,0,0,39,0,64,849,5,0,182.8
Wan'Dale Robinson,WR,TEN,ESPN,0,0,0,22,0,79,823,2,0,175.5
Michael Wilson,WR,ARI,ESPN,0,0,0,0,0,71,860,3,0,175
Stefon Diggs,WR,WAS,ESPN,0,0,0,0,0,75,769,4,0,175.9
Travis Hunter,WR,JAC,ESPN,0,0,0,11,0,38,452,3,0,102.30000000000001
Alec Pierce,WR,IND,ESPN,0,0,0,0,0,60,941,5,0,184.10000000000002
Jakobi Meyers,WR,JAC,ESPN,0,0,0,32,0,70,766,5,0,179.8
Brian Thomas Jr.,WR,JAC,ESPN,0,0,0,23,0,57,860,5,0,175.3
Matthew Golden,WR,GB,ESPN,0,0,0,24,0,68,887,5,0,189.10000000000002
Chris Godwin Jr.,WR,TB,ESPN,0,0,0,0,0,60,700,5,0,160
Jordan Addison,WR,MIN,ESPN,0,0,0,14,0,61,769,5,0,169.3
Josh Downs,WR,IND,ESPN,0,0,0,11,0,70,696,3,0,158.7
Khalil Shakir,WR,BUF,ESPN,0,0,0,13,0,70,765,4,0,171.8
Makai Lemon,WR,PHI,ESPN,0,0,0,0,0,52,736,5,0,155.60000000000002
Quentin Johnston,WR,LAC,ESPN,0,0,0,11,0,53,778,6,0,167.9
Jayden Reed,WR,GB,ESPN,0,0,0,63,0,65,741,4,0,169.4
Xavier Worthy,WR,KCC,ESPN,0,0,0,76,1,56,788,5,0,178.4
De'Zhaun Stribling,WR,SF,ESPN,0,0,0,0,0,52,798,5,0,161.8
Romeo Doubs,WR,NE,ESPN,0,0,0,0,0,52,667,5,0,148.7
Jalen Coker,WR,CAR,ESPN,0,0,0,0,0,61,688,3,0,147.8
Deebo Samuel Sr.,WR,SF,ESPN,0,0,0,109,1,48,625,4,0,151.4
KC Concepcion,WR,CLE,ESPN,0,0,0,35,0,59,738,3,0,154.3
Jalen McMillan,WR,TB,ESPN,0,0,0,25,0,47,588,4,0,132.3
Tank Dell,WR,HOU,ESPN,0,0,0,0,0,0,0,0,0,0
Keenan Allen,WR,IND,ESPN,0,0,0,0,0,55,539,3,0,126.9
Calvin Ridley,WR,TEN,ESPN,0,0,0,32,0,43,677,3,0,131.9
Jaylin Noel,WR,HOU,ESPN,0,0,0,22,0,51,578,3,0,129
Rashid Shaheed,WR,SEA,ESPN,0,0,0,87,1,43,646,3,0,140.3
Denzel Boston,WR,CLE,ESPN,0,0,0,0,0,55,693,3,0,142.3
Jerry Jeudy,WR,CLE,ESPN,0,0,0,0,0,52,721,3,0,142.10000000000002
Adonai Mitchell,WR,NYJ,ESPN,0,0,0,11,0,42,623,4,0,129.4
Caleb Douglas,WR,MIA,ESPN,0,0,0,0,0,43,581,2,0,113.1
Jordyn Tyson,WR,NO,ESPN,0,0,0,0,0,36,484,3,0,102.4
Tre Tucker,WR,LV,ESPN,0,0,0,57,0,48,659,3,0,137.60000000000002
Jalen Nailor,WR,LV,ESPN,0,0,0,11,0,44,608,3,0,123.9
Rashod Bateman,WR,BAL,ESPN,0,0,0,0,0,38,613,4,0,123.30000000000001
Dontayvion Wicks,WR,PHI,ESPN,0,0,0,0,0,40,520,3,0,110
Devaughn Vele,WR,NO,ESPN,0,0,0,0,0,49,543,3,0,121.30000000000001
Ja'Kobi Lane,WR,BAL,ESPN,0,0,0,0,0,34,530,4,0,111
Jauan Jennings,WR,MIN,ESPN,0,0,0,0,0,47,485,3,0,113.5
Malachi Fields,WR,NYG,ESPN,0,0,0,0,0,33,408,2,0,85.80000000000001
Germie Bernard,WR,PIT,ESPN,0,0,0,12,0,40,504,3,0,109.60000000000001
Tre' Harris,WR,LAC,ESPN,0,0,0,0,0,35,410,2,0,88
Ryan Flournoy,WR,DAL,ESPN,0,0,0,12,0,34,383,3,0,91.5
Zachariah Branch,WR,ATL,ESPN,0,0,0,0,0,31,382,2,0,81.2
Omar Cooper Jr.,WR,NYJ,ESPN,0,0,0,12,0,33,396,2,0,85.80000000000001
Kayshon Boutte,WR,HOU,ESPN,0,0,0,0,0,51,666,4,0,141.60000000000002
Malik Washington,WR,MIA,ESPN,0,0,0,78,0,44,471,2,0,110.9
Cooper Kupp,WR,SEA,ESPN,0,0,0,0,0,38,472,3,0,103.2
Xavier Legette,WR,CAR,ESPN,0,0,0,11,0,36,417,3,0,96.80000000000001
Jahan Dotson,WR,ATL,ESPN,0,0,0,0,0,35,443,2,0,91.30000000000001
Xavier Hutchinson,WR,HOU,ESPN,0,0,0,12,0,34,432,2,0,90.4
Jalen Tolbert,WR,MIA,ESPN,0,0,0,0,0,35,442,2,0,91.2
Chris Bell,WR,MIA,ESPN,0,0,0,0,0,34,449,2,0,90.9
DeMario Douglas,WR,NE,ESPN,0,0,0,21,0,30,365,2,0,80.6
Darius Slayton,WR,NYG,ESPN,0,0,0,12,0,28,396,2,0,80.8
Antonio Williams,WR,WAS,ESPN,0,0,0,22,0,26,344,2,0,74.6
Tyquan Thornton,WR,KCC,ESPN,0,0,0,0,0,24,359,3,0,77.9
Keon Coleman,WR,BUF,ESPN,0,0,0,0,0,24,338,3,0,75.80000000000001
Isaac TeSlaa,WR,DET,ESPN,0,0,0,0,0,24,301,3,0,72.1
Pat Bryant,WR,DEN,ESPN,0,0,0,0,0,28,320,2,0,72
Marvin Mims Jr.,WR,DEN,ESPN,0,0,0,45,0,24,273,2,0,67.8
Andrei Iosivas,WR,CIN,ESPN,0,0,0,11,0,24,276,2,0,64.7
Kevin Coleman Jr.,WR,MIA,ESPN,0,0,0,0,0,27,352,1,0,68.2
KaVontae Turpin,WR,DAL,ESPN,0,0,0,103,0,18,227,2,0,63
Jack Bech,WR,LV,ESPN,0,0,0,0,0,28,315,1,0,65.5
Tory Horton,WR,SEA,ESPN,0,0,0,0,0,22,299,2,0,63.900000000000006
Ted Hurst III,WR,TB,ESPN,0,0,0,0,0,23,295,2,0,64.5
Darnell Mooney,WR,NYG,ESPN,0,0,0,12,0,21,308,2,0,65
Mack Hollins,WR,NE,ESPN,0,0,0,0,0,21,258,2,0,58.8
Cyrus Allen,WR,KCC,ESPN,0,0,0,0,0,19,245,2,0,55.5
Kyle Williams,WR,NE,ESPN,0,0,0,22,0,16,230,1,0,47.2
Troy Franklin,WR,DEN,ESPN,0,0,0,11,0,17,216,2,0,51.7
Joshua Palmer,WR,BUF,ESPN,0,0,0,0,0,19,231,1,0,48.1
Kendrick Bourne,WR,ARI,ESPN,0,0,0,0,0,23,239,1,0,52.900000000000006
Malik Benson,WR,LV,ESPN,0,0,0,0,0,23,287,1,0,57.7
Kalif Raymond,WR,CHI,ESPN,0,0,0,27,0,19,188,1,0,46.5
Dyami Brown,WR,WAS,ESPN,0,0,0,0,0,16,216,2,0,49.6
Treylon Burks,WR,WAS,ESPN,0,0,0,0,0,15,217,1,0,42.7
Devontez Walker,WR,BAL,ESPN,0,0,0,0,0,14,209,1,0,40.900000000000006
Savion Williams,WR,GB,ESPN,0,0,0,46,0,13,149,1,0,38.5
Chimere Dike,WR,TEN,ESPN,0,0,0,50,1,11,112,1,0,39.2
Bryce Lance,WR,NO,ESPN,0,0,0,0,0,16,211,1,0,43.1
Jaylin Lane,WR,WAS,ESPN,0,0,0,0,0,9,119,1,0,26.9
Zavion Thomas,WR,CHI,ESPN,0,0,0,0,0,13,154,1,0,34.4
Isaiah Bond,WR,CLE,ESPN,0,0,0,24,0,11,152,1,0,34.6
Skyler Bell,WR,BUF,ESPN,0,0,0,0,0,12,164,1,0,34.400000000000006
Hollywood Brown,WR,PHI,ESPN,0,0,0,0,0,13,156,1,0,34.6
Olamide Zaccheaus,WR,ATL,ESPN,0,0,0,0,0,14,142,1,0,34.2
Ashton Dulin,WR,IND,ESPN,0,0,0,26,0,10,128,1,0,31.4
Isaiah Williams,WR,NYJ,ESPN,0,0,0,13,0,12,114,0,0,24.700000000000003
Tutu Atwell,WR,LAR,ESPN,0,0,0,12,0,10,139,1,0,31.1
Colbie Young,WR,CIN,ESPN,0,0,0,0,0,11,131,1,0,30.1
Roman Wilson,WR,PIT,ESPN,0,0,0,0,0,12,135,1,0,31.5
Brenen Thompson,WR,LAC,ESPN,0,0,0,11,0,10,122,1,0,29.3
Elijah Sarratt,WR,BAL,ESPN,0,0,0,0,0,8,124,1,0,26.4
Odell Beckham Jr.,WR,NYG,ESPN,0,0,0,0,0,9,113,1,0,26.3
Elic Ayomanor,WR,TEN,ESPN,0,0,0,0,0,9,115,1,0,26.5
Jordan Whittington,WR,LAR,ESPN,0,0,0,12,0,8,85,1,0,23.7
Tez Johnson,WR,TB,ESPN,0,0,0,23,0,7,77,1,0,23
Jimmy Horn Jr.,WR,CAR,ESPN,0,0,0,37,0,7,76,0,0,18.3
Konata Mumpfield,WR,LAR,ESPN,0,0,0,0,0,7,84,1,0,21.4
Demarcus Robinson,WR,SF,ESPN,0,0,0,0,0,7,88,1,0,21.8
Luke McCaffrey,WR,WAS,ESPN,0,0,0,0,0,7,80,0,0,15
Jalen Royals,WR,KCC,ESPN,0,0,0,0,0,7,78,1,0,20.8
KeAndre Lambert-Smith,WR,LAC,ESPN,0,0,0,0,0,6,81,1,0,20.1
Barion Brown,WR,NO,ESPN,0,0,0,0,0,7,91,0,0,16.1
Laquon Treadwell,WR,IND,ESPN,0,0,0,0,0,7,78,0,0,14.8
Dont'e Thornton Jr.,WR,LV,ESPN,0,0,0,0,0,0,0,0,0,0
Bo Melton,WR,GB,ESPN,0,0,0,13,0,5,66,0,0,12.9
Malachi Corley,WR,CLE,ESPN,0,0,0,44,0,3,34,0,0,10.8
Kevin Austin Jr.,WR,FA,ESPN,0,0,0,0,0,0,0,0,0,0
Tay Martin,WR,DET,ESPN,0,0,0,26,0,3,41,0,0,9.7
Derius Davis,WR,LAC,ESPN,0,0,0,11,0,3,38,0,0,7.9
Xavier Smith,WR,LAR,ESPN,0,0,0,0,0,4,44,0,0,8.4
Jacob Cowing,WR,SF,ESPN,0,0,0,0,0,3,44,0,0,7.4
Puka Nacua,WR,LAR,CBS,0,0,0,108,2,130,1702,9,1,375
Jaxon Smith-Njigba,WR,SEA,CBS,0,0,0,36,0,111,1614,12,1,346
Ja'Marr Chase,WR,CIN,CBS,0,0,0,19,0,128,1553,10,1,343.20000000000005
Amon-Ra St. Brown,WR,DET,CBS,0,0,0,8,0,115,1370,11,0,318.8
George Pickens,WR,DAL,CBS,0,0,0,-1,0,93,1384,10,0,291.3
Rashee Rice,WR,KC,CBS,0,0,0,35,2,104,1049,13,0,302.4
Drake London,WR,ATL,CBS,0,0,0,0,0,94,1257,12,1,289.7
Chris Olave,WR,NO,CBS,0,0,0,0,0,99,1246,11,0,289.6
A.J. Brown,WR,NE,CBS,0,0,0,0,0,91,1326,9,0,277.6
Nico Collins,WR,HOU,CBS,0,0,0,13,1,82,1247,9,1,266
CeeDee Lamb,WR,DAL,CBS,0,0,0,25,0,101,1331,6,0,272.6
Malik Nabers,WR,NYG,CBS,0,0,0,2,0,80,1034,11,0,249.60000000000002
Zay Flowers,WR,BAL,CBS,0,0,0,60,1,83,1183,8,2,257.3
Tee Higgins,WR,CIN,CBS,0,0,0,0,0,74,1035,11,0,243.5
Justin Jefferson,WR,MIN,CBS,0,0,0,6,0,90,1271,6,0,253.7
Tetairoa McMillan,WR,CAR,CBS,0,0,0,0,0,82,1172,8,1,245.2
Alec Pierce,WR,IND,CBS,0,0,0,0,0,49,1067,9,0,209.7
Emeka Egbuka,WR,TB,CBS,0,0,0,10,0,72,1118,8,0,232.8
Jameson Williams,WR,DET,CBS,0,0,0,39,1,63,1083,7,0,223.20000000000002
Terry McLaurin,WR,WAS,CBS,0,0,0,1,0,64,925,10,0,216.6
DeVonta Smith,WR,PHI,CBS,0,0,0,0,0,90,1158,6,0,241.8
Garrett Wilson,WR,NYJ,CBS,0,0,0,2,0,89,956,9,1,236.8
Davante Adams,WR,LAR,CBS,0,0,0,0,0,69,851,10,0,214.10000000000002
Christian Watson,WR,GB,CBS,0,0,0,13,0,53,905,9,0,198.8
Ladd McConkey,WR,LAC,CBS,0,0,0,0,0,82,1032,7,0,227.2
Luther Burden III,WR,CHI,CBS,0,0,0,32,0,72,1056,6,0,216.8
Rome Odunze,WR,CHI,CBS,0,0,0,4,0,63,916,8,0,203
Brian Thomas Jr.,WR,JAC,CBS,0,0,0,30,1,61,941,6,0,200.10000000000002
Marvin Harrison Jr.,WR,ARI,CBS,0,0,0,0,0,66,952,7,0,203.2
Jaylen Waddle,WR,DEN,CBS,0,0,0,25,0,75,996,6,0,213.10000000000002
DJ Moore,WR,BUF,CBS,0,0,0,81,1,69,813,8,1,210.4
Parker Washington,WR,JAC,CBS,0,0,0,2,0,62,924,7,0,196.60000000000002
Courtland Sutton,WR,DEN,CBS,0,0,0,0,0,70,911,7,0,203.10000000000002
Mike Evans,WR,SF,CBS,0,0,0,0,0,69,899,7,0,200.9
DK Metcalf,WR,PIT,CBS,0,0,0,10,1,61,891,6,0,193.10000000000002
Quentin Johnston,WR,LAC,CBS,0,0,0,7,0,58,784,9,1,189.10000000000002
Michael Wilson,WR,ARI,CBS,0,0,0,2,0,66,837,6,0,185.9
Chris Godwin,WR,TB,CBS,0,0,0,1,0,75,841,6,0,195.2
Jordan Addison,WR,MIN,CBS,0,0,0,78,1,50,737,6,0,173.5
Romeo Doubs,WR,NE,CBS,0,0,0,0,0,61,809,6,0,177.9
Rashid Shaheed,WR,SEA,CBS,0,0,0,91,0,57,863,4,1,174.4
De'Zhaun Stribling,WR,SF,CBS,0,0,0,13,0,60,860,5,2,173.3
Jakobi Meyers,WR,JAC,CBS,0,0,0,17,0,68,814,5,1,179.10000000000002
Calvin Ridley,WR,TEN,CBS,0,0,0,23,1,50,846,3,0,160.9
Jalen Coker,WR,CAR,CBS,0,0,0,0,0,59,746,6,1,167.60000000000002
Jayden Reed,WR,GB,CBS,0,0,0,152,0,59,702,5,0,174.4
Rashod Bateman,WR,BAL,CBS,0,0,0,0,0,40,583,8,0,146.3
Josh Downs,WR,IND,CBS,0,0,0,2,0,69,711,6,1,174.3
Ja'Kobi Lane,WR,BAL,CBS,0,0,0,17,0,44,653,7,1,151
Deebo Samuel,WR,SF,CBS,0,0,0,115,1,66,653,5,0,178.8
Jerry Jeudy,WR,CLE,CBS,0,0,0,4,0,66,830,4,1,171.4
Jauan Jennings,WR,MIN,CBS,0,0,0,0,0,51,630,7,1,154
KC Concepcion,WR,CLE,CBS,0,0,0,10,0,69,847,4,2,174.7
Matthew Golden,WR,GB,CBS,0,0,0,68,0,52,751,4,0,157.9
Wan'Dale Robinson,WR,TEN,CBS,0,0,0,6,0,84,796,4,0,188.2
Michael Pittman,WR,PIT,CBS,0,0,0,0,0,77,677,6,0,180.7
Xavier Worthy,WR,KC,CBS,0,0,0,152,1,53,642,4,0,162.4
Stefon Diggs,WR,WAS,CBS,0,0,0,2,0,68,748,4,0,167
Denzel Boston,WR,CLE,CBS,0,0,0,10,0,63,782,4,2,162.2
Carnell Tate,WR,TEN,CBS,0,0,0,9,0,56,771,4,2,154
Keenan Allen,WR,IND,CBS,0,0,0,0,0,62,675,5,0,159.5
Makai Lemon,WR,PHI,CBS,0,0,0,13,0,53,738,4,2,148.1
Kayshon Boutte,WR,HOU,CBS,0,0,0,0,0,39,590,6,0,134
Elic Ayomanor,WR,TEN,CBS,0,0,0,0,0,42,569,6,0,134.9
Tre Tucker,WR,LV,CBS,0,0,0,52,0,52,605,5,0,147.7
Cooper Kupp,WR,SEA,CBS,0,0,0,3,0,57,696,4,1,148.9
Jalen Nailor,WR,LV,CBS,0,0,0,7,0,43,568,5,0,130.5
Khalil Shakir,WR,BUF,CBS,0,0,0,4,0,67,646,4,1,154
Jalen McMillan,WR,TB,CBS,0,0,0,29,0,46,624,4,0,135.3
Troy Franklin,WR,DEN,CBS,0,0,0,11,0,56,590,5,1,144.1
Bryce Lance,WR,NO,CBS,0,0,0,10,0,53,711,3,2,139.10000000000002
Marquise Brown,WR,PHI,CBS,0,0,0,0,0,44,548,5,0,128.8
Antonio Williams,WR,WAS,CBS,0,0,0,15,0,45,648,4,2,131.3
Tory Horton,WR,SEA,CBS,0,0,0,6,0,39,502,6,1,123.80000000000001
Devaughn Vele,WR,NO,CBS,0,0,0,0,0,46,592,4,0,129.2
Tyquan Thornton,WR,KC,CBS,0,0,0,0,0,27,574,4,0,108.4
Chris Bell,WR,MIA,CBS,0,0,0,11,0,47,583,4,1,128.4
Chimere Dike,WR,TEN,CBS,0,0,0,17,0,45,430,6,1,123.7
Jordyn Tyson,WR,NO,CBS,0,0,0,8,0,42,593,3,1,118.1
Omar Cooper Jr.,WR,NYJ,CBS,0,0,0,13,0,44,521,4,1,119.4
Jahdae Walker,WR,CHI,CBS,0,0,0,7,0,32,430,5,0,105.7
Malik Benson,WR,LV,CBS,0,0,0,8,0,48,551,3,1,119.9
Darius Slayton,WR,NYG,CBS,0,0,0,5,0,42,612,2,1,113.7
Isaac TeSlaa,WR,DET,CBS,0,0,0,0,0,27,404,5,0,97.4
Xavier Hutchinson,WR,HOU,CBS,0,0,0,16,0,43,515,3,0,114.1
Ashton Dulin,WR,IND,CBS,0,0,0,66,0,25,550,2,0,98.6
Jaylin Noel,WR,HOU,CBS,0,0,0,13,0,40,456,4,0,110.9
Germie Bernard,WR,PIT,CBS,0,0,0,10,0,42,511,3,1,110.1
Tank Dell,WR,HOU,CBS,0,0,0,40,0,38,483,3,0,108.30000000000001
Christian Kirk,WR,SF,CBS,0,0,0,0,0,42,485,3,0,108.5
Demarcus Robinson,WR,SF,CBS,0,0,0,5,0,32,464,3,0,96.9
Andrei Iosivas,WR,CIN,CBS,0,0,0,11,0,35,471,3,0,101.2
Ted Hurst,WR,TB,CBS,0,0,0,13,0,35,484,3,1,100.7
Adonai Mitchell,WR,NYJ,CBS,0,0,0,-1,0,38,481,3,1,102
Luke McCaffrey,WR,WAS,CBS,0,0,0,0,0,22,362,4,0,82.2
Malik Washington,WR,MIA,CBS,0,0,0,83,1,46,350,3,1,111.3
Caleb Douglas,WR,MIA,CBS,0,0,0,11,0,35,434,3,1,95.5
Josh Palmer,WR,BUF,CBS,0,0,0,0,0,35,478,2,0,94.80000000000001
Zavion Thomas,WR,CHI,CBS,0,0,0,13,0,34,456,3,2,94.9
Dontayvion Wicks,WR,PHI,CBS,0,0,0,5,0,38,401,3,0,96.6
Puka Nacua,WR,LAR,FantasyPros,0,0,0,85,1.3,117,1539,9,1,339.20000000000005
Ja'Marr Chase,WR,CIN,FantasyPros,0,0,0,17,0,121.3,1511.4,10.6,1,335.74
Jaxon Smith-Njigba,WR,SEA,FantasyPros,0,0,0,30.4,0.1,110.9,1567.9,9.5,1.1,326.13000000000005
Amon-Ra St. Brown,WR,DET,FantasyPros,0,0,0,11.8,0,117.4,1391,10.5,0.4,319.88
Drake London,WR,ATL,FantasyPros,0,0,0,0,0,98.4,1272.9,8.8,1,276.49
CeeDee Lamb,WR,DAL,FantasyPros,0,0,0,12.6,0,97.2,1294.6,7.5,0.3,272.32
Justin Jefferson,WR,MIN,FantasyPros,0,0,0,5.6,0,98.8,1310.8,6.8,0.3,270.64
Rashee Rice,WR,KC,FantasyPros,0,0,0,25.9,0.9,96.5,1069.2,9.6,0.6,267.81
Chris Olave,WR,NO,FantasyPros,0,0,0,0,0,95.7,1193.3,7.9,0.3,261.83
A.J. Brown,WR,NE,FantasyPros,0,0,0,0,0,87.7,1233.5,7.7,0.3,256.65
Trey McBride,TE,ARI,ESPN,0,0,0,0,0,108,1023,5,0,240.3
Brock Bowers,TE,LV,ESPN,0,0,0,15,0,99,999,7,0,242.4
Colston Loveland,TE,CHI,ESPN,0,0,0,0,0,81,901,6,0,207.10000000000002
Tyler Warren,TE,IND,ESPN,0,0,0,14,0,85,893,6,0,211.70000000000002
Harold Fannin Jr.,TE,CLE,ESPN,0,0,0,21,0,84,825,3,0,186.6
Kyle Pitts Sr.,TE,ATL,ESPN,0,0,0,0,0,80,858,3,0,183.8
George Kittle,TE,SF,ESPN,0,0,0,0,0,77,828,6,0,195.8
Sam LaPorta,TE,DET,ESPN,0,0,0,0,0,78,787,5,0,186.7
Tucker Kraft,TE,GB,ESPN,0,0,0,8,0,68,777,4,0,170.5
Travis Kelce,TE,KCC,ESPN,0,0,0,0,0,74,770,4,0,175
Dallas Goedert,TE,PHI,ESPN,0,0,0,0,0,71,725,6,0,179.5
Jake Ferguson,TE,DAL,ESPN,0,0,0,0,0,73,598,6,0,168.8
Isaiah Likely,TE,NYG,ESPN,0,0,0,0,0,63,682,4,0,155.2
Mark Andrews,TE,BAL,ESPN,0,0,0,35,1,58,617,7,0,171.2
Dalton Kincaid,TE,BUF,ESPN,0,0,0,0,0,59,698,4,0,152.8
Juwan Johnson,TE,NO,ESPN,0,0,0,0,0,65,661,3,0,149.10000000000002
Hunter Henry,TE,NE,ESPN,0,0,0,0,0,56,629,5,0,148.9
T.J. Hockenson,TE,MIN,ESPN,0,0,0,0,0,78,640,3,0,160
Kenyon Sadiq,TE,NYJ,ESPN,0,0,0,0,0,60,622,4,0,146.2
Brenton Strange,TE,JAC,ESPN,0,0,0,0,0,59,599,4,0,142.9
Terrance Ferguson,TE,LAR,ESPN,0,0,0,0,0,46,579,5,0,133.9
Pat Freiermuth,TE,PIT,ESPN,0,0,0,0,0,60,603,3,0,138.3
Dalton Schultz,TE,HOU,ESPN,0,0,0,0,0,60,549,3,0,132.9
Gunnar Helm,TE,TEN,ESPN,0,0,0,0,0,58,499,3,0,125.9
Chig Okonkwo,TE,WAS,ESPN,0,0,0,0,0,51,559,2,0,118.9
AJ Barner,TE,SEA,ESPN,0,0,0,18,0,45,433,4,0,114.1
Greg Dulcich,TE,MIA,ESPN,0,0,0,0,0,52,581,2,0,122.1
Darren Waller,TE,CAR,ESPN,0,0,0,0,0,43,473,4,0,114.30000000000001
Cade Otton,TE,TB,ESPN,0,0,0,0,0,45,440,2,0,101
Evan Engram,TE,DEN,ESPN,0,0,0,0,0,47,464,2,0,105.4
David Njoku,TE,LAC,ESPN,0,0,0,0,0,40,417,4,0,105.7
Oronde Gadsden,TE,LAC,ESPN,0,0,0,0,0,30,322,3,0,80.2
Mike Gesicki,TE,CIN,ESPN,0,0,0,0,0,36,353,4,0,95.30000000000001
Michael Mayer,TE,LV,ESPN,0,0,0,0,0,37,364,1,0,79.4
Jake Tonges,TE,SF,ESPN,0,0,0,0,0,8,83,1,0,22.3
Colby Parkinson,TE,LAR,ESPN,0,0,0,0,0,28,291,3,0,75.1
Erick All Jr.,TE,CIN,ESPN,0,0,0,0,0,30,275,2,0,69.5
Darnell Washington,TE,PIT,ESPN,0,0,0,0,0,31,305,2,0,73.5
Dawson Knox,TE,BUF,ESPN,0,0,0,0,0,25,265,3,0,69.5
Elijah Arroyo,TE,SEA,ESPN,0,0,0,0,0,24,264,2,0,62.400000000000006
Mason Taylor,TE,NYJ,ESPN,0,0,0,0,0,33,285,1,0,67.5
Theo Johnson,TE,NYG,ESPN,0,0,0,0,0,25,269,2,0,63.900000000000006
Cole Kmet,TE,CHI,ESPN,0,0,0,0,0,22,220,2,0,56
Ja'Tavion Sanders,TE,CAR,ESPN,0,0,0,0,0,19,164,1,0,41.400000000000006
Noah Gray,TE,KCC,ESPN,0,0,0,0,0,26,262,1,0,58.2
Eli Stowers,TE,PHI,ESPN,0,0,0,20,0,11,107,1,0,29.700000000000003
Tyler Higbee,TE,LAR,ESPN,0,0,0,0,0,15,154,1,0,36.4
Max Klare,TE,LAR,ESPN,0,0,0,0,0,4,38,0,0,7.800000000000001
Eli Raridon,TE,NE,ESPN,0,0,0,0,0,19,189,1,0,43.900000000000006
Tommy Tremble,TE,CAR,ESPN,0,0,0,0,0,18,176,1,0,41.6
Austin Hooper,TE,ATL,ESPN,0,0,0,0,0,21,181,1,0,45.1
Elijah Higgins,TE,ARI,ESPN,0,0,0,0,0,21,182,1,0,45.2
Will Kacmarek,TE,MIA,ESPN,0,0,0,0,0,18,175,1,0,41.5
Jonnu Smith,TE,GB,ESPN,0,0,0,10,0,17,157,1,0,39.7
Drew Sample,TE,CIN,ESPN,0,0,0,0,0,22,183,1,0,46.3
Josh Oliver,TE,MIN,ESPN,0,0,0,0,0,17,151,1,0,38.1
Adam Trautman,TE,DEN,ESPN,0,0,0,0,0,16,151,1,0,37.1
Charlie Kolar,TE,LAC,ESPN,0,0,0,0,0,15,149,1,0,35.9
Noah Fant,TE,NO,ESPN,0,0,0,0,0,19,160,1,0,41
Cade Stover,TE,HOU,ESPN,0,0,0,10,0,16,133,1,0,36.3
Trey McBride,TE,ARI,CBS,0,0,0,0,0,115,1134,8,0,276.4
Brock Bowers,TE,LV,CBS,0,0,0,0,0,88,982,9,0,240.2
Colston Loveland,TE,CHI,CBS,0,0,0,0,0,84,1036,8,0,235.60000000000002
Harold Fannin Jr.,TE,CLE,CBS,0,0,0,0,0,87,877,9,1,226.7
Dallas Goedert,TE,PHI,CBS,0,0,0,0,0,68,720,11,0,206
George Kittle,TE,SF,CBS,0,0,0,0,0,77,904,8,0,215.4
Tucker Kraft,TE,GB,CBS,0,0,0,0,0,55,782,10,0,193.2
Tyler Warren,TE,IND,CBS,0,0,0,0,0,74,904,6,0,200.4
Sam LaPorta,TE,DET,CBS,0,0,0,0,0,72,909,6,0,198.9
Isaiah Likely,TE,NYG,CBS,0,0,0,0,0,72,895,7,2,199.5
Mark Andrews,TE,BAL,CBS,0,0,0,0,0,60,593,10,0,179.3
Dalton Kincaid,TE,BUF,CBS,0,0,0,0,0,59,776,7,0,178.60000000000002
Kyle Pitts,TE,ATL,CBS,0,0,0,0,0,75,822,6,0,193.2
Travis Kelce,TE,KC,CBS,0,0,0,0,0,78,813,6,0,195.3
Brenton Strange,TE,JAC,CBS,0,0,0,0,0,70,814,5,0,181.4
Juwan Johnson,TE,NO,CBS,0,0,0,0,0,71,872,4,2,178.2
Hunter Henry,TE,NE,CBS,0,0,0,0,0,56,700,6,0,162
Jake Ferguson,TE,DAL,CBS,0,0,0,0,0,78,634,7,2,179.4
Cade Otton,TE,TB,CBS,0,0,0,0,0,67,706,4,0,161.60000000000002
AJ Barner,TE,SEA,CBS,0,0,0,0,0,47,472,7,0,136.2
Dalton Schultz,TE,HOU,CBS,0,0,0,0,0,71,692,4,0,164.2
Kenyon Sadiq,TE,NYJ,CBS,0,0,0,0,0,47,529,6,1,133.9
Greg Dulcich,TE,MIA,CBS,0,0,0,0,0,59,676,4,2,146.60000000000002
Terrance Ferguson,TE,LAR,CBS,0,0,0,0,0,29,530,5,0,112
Darren Waller,TE,CAR,CBS,0,0,0,0,0,46,469,6,0,128.9
Pat Freiermuth,TE,PIT,CBS,0,0,0,0,0,46,510,5,0,127
Chigoziem Okonkwo,TE,WAS,CBS,0,0,0,0,0,53,628,3,0,133.8
Colby Parkinson,TE,LAR,CBS,0,0,0,0,0,41,435,6,1,118.5
T.J. Hockenson,TE,MIN,CBS,0,0,0,0,0,55,517,4,0,130.7
David Njoku,TE,LAC,CBS,0,0,0,0,0,42,403,6,0,118.30000000000001
Tyler Higbee,TE,LAR,CBS,0,0,0,0,0,40,500,4,0,114
Mike Gesicki,TE,CIN,CBS,0,0,0,0,0,49,541,3,0,121.1
Oronde Gadsden II,TE,LAC,CBS,0,0,0,0,0,38,534,3,1,107.4
Mason Taylor,TE,NYJ,CBS,0,0,0,0,0,56,461,4,0,126.1
Theo Johnson,TE,NYG,CBS,0,0,0,0,0,35,389,5,0,103.9
Evan Engram,TE,DEN,CBS,0,0,0,0,0,56,479,3,0,121.9
Dawson Knox,TE,BUF,CBS,0,0,0,0,0,35,400,3,0,93
Gunnar Helm,TE,TEN,CBS,0,0,0,0,0,44,377,3,0,99.7
Charlie Kolar,TE,LAC,CBS,0,0,0,0,0,25,332,4,0,82.2
Brock Wright,TE,DET,CBS,0,0,0,0,0,34,303,4,0,88.3
Jonnu Smith,TE,GB,CBS,0,0,0,0,0,28,253,3,0,71.3
Daniel Bellinger,TE,TEN,CBS,0,0,0,0,0,26,332,3,0,77.2
Darnell Washington,TE,PIT,CBS,0,0,0,0,0,35,383,2,1,83.30000000000001
Will Kacmarek,TE,MIA,CBS,0,0,0,0,0,35,328,3,1,83.80000000000001
Josh Oliver,TE,MIN,CBS,0,0,0,0,0,22,244,4,0,70.4
Michael Mayer,TE,LV,CBS,0,0,0,0,0,40,346,2,0,86.6
Noah Fant,TE,NO,CBS,0,0,0,0,0,44,424,2,3,92.4
Marlin Klein,TE,HOU,CBS,0,0,0,0,0,35,353,2,1,80.30000000000001
Davis Allen,TE,LAR,CBS,0,0,0,0,0,26,241,3,0,68.1
Eli Stowers,TE,PHI,CBS,0,0,0,0,0,31,323,2,1,73.30000000000001
Erick All,TE,CIN,CBS,0,0,0,0,0,36,302,2,0,78.2
Adam Trautman,TE,DEN,CBS,0,0,0,0,0,27,282,2,0,67.2
Cole Kmet,TE,CHI,CBS,0,0,0,0,0,22,229,2,0,56.900000000000006
Nate Boerkircher,TE,JAC,CBS,0,0,0,0,0,22,240,2,1,56
Eli Raridon,TE,NE,CBS,0,0,0,0,0,22,240,2,1,56
Jeremy Ruckert,TE,NYJ,CBS,0,0,0,0,0,27,196,2,0,58.6
Tommy Tremble,TE,CAR,CBS,0,0,0,0,0,23,202,2,0,55.2
Connor Heyward,FB,LV,CBS,0,0,0,0,0,14,102,2,0,36.2
Nate Adkins,TE,DEN,CBS,0,0,0,0,0,16,108,3,0,44.8
Austin Hooper,TE,ATL,CBS,0,0,0,0,0,23,250,1,0,54
John Bates,TE,WAS,CBS,0,0,0,0,0,20,203,2,1,50.3
Elijah Higgins,TE,ARI,CBS,0,0,0,0,0,23,221,1,1,49.1
Ja'Tavion Sanders,TE,CAR,CBS,0,0,0,0,0,25,192,1,0,50.2
Charlie Woerner,TE,ATL,CBS,0,0,0,0,0,23,196,1,0,48.6
Mitchell Evans,TE,CAR,CBS,0,0,0,0,0,16,143,2,0,42.3
Foster Moreau,TE,HOU,CBS,0,0,0,0,0,11,132,2,0,36.2
Ben Sinnott,TE,WAS,CBS,0,0,0,0,0,11,122,2,0,35.2
Jackson Hawes,TE,BUF,CBS,0,0,0,0,0,10,120,2,0,34
Grant Calcaterra,TE,PHI,CBS,0,0,0,0,0,17,175,1,0,40.5
Luke Musgrave,TE,GB,CBS,0,0,0,0,0,18,178,1,0,41.8
Cade Stover,TE,HOU,CBS,0,0,0,0,0,15,123,1,0,33.3
Noah Gray,TE,KC,CBS,0,0,0,0,0,15,138,1,0,34.8
Max Klare,TE,LAR,CBS,0,0,0,0,0,11,127,1,0,29.700000000000003
Luke Schoonmaker,TE,DAL,CBS,0,0,0,0,0,15,133,1,0,34.3
Jack Endries,TE,CIN,CBS,0,0,0,0,0,13,123,1,0,31.3
Matthew Hibner,TE,BAL,CBS,0,0,0,0,0,8,97,1,0,23.700000000000003
Hunter Long,TE,JAC,CBS,0,0,0,0,0,12,88,1,0,26.8
Dallen Bentley,TE,DEN,CBS,0,0,0,0,0,12,104,1,0,28.4
Chris Manhertz,TE,NYG,CBS,0,0,0,0,0,9,85,1,0,23.5
Thomas Fidone II,TE,NYG,CBS,0,0,0,0,0,10,101,1,0,26.1
Seydou Traore,TE,MIA,CBS,0,0,0,0,0,9,88,1,0,23.8
Drew Sample,TE,CIN,CBS,0,0,0,0,0,13,100,1,0,29
Jake Tonges,TE,SF,CBS,0,0,0,0,0,12,102,1,0,28.200000000000003
Brevyn Spann-Ford,TE,DAL,CBS,0,0,0,0,0,11,106,1,0,27.6
Bauer Sharp,TE,TB,CBS,0,0,0,0,0,11,113,1,0,28.3
Oscar Delp,TE,NO,CBS,0,0,0,0,0,11,115,1,0,28.5
Ian Thomas,TE,LV,CBS,0,0,0,0,0,10,87,1,0,24.700000000000003
Jared Wiley,TE,KC,CBS,0,0,0,0,0,11,96,1,0,26.6
Tanner Koziol,TE,JAC,CBS,0,0,0,0,0,10,111,1,0,27.1
Josh Cuevas,TE,BAL,CBS,0,0,0,0,0,8,97,1,0,23.700000000000003
Sam Roush,TE,CHI,CBS,0,0,0,0,0,10,111,1,0,27.1
Elijah Arroyo,TE,SEA,CBS,0,0,0,0,0,10,116,1,0,27.6
Josh Whyle,TE,GB,CBS,0,0,0,0,0,10,86,1,0,24.6
Payne Durham,TE,TB,CBS,0,0,0,0,0,8,91,1,0,23.1
Justin Joly,TE,DEN,CBS,0,0,0,0,0,9,88,1,0,23.8
Kylen Granson,TE,TEN,CBS,0,0,0,0,0,10,83,1,0,24.3
Andrew Ogletree,TE,IND,CBS,0,0,0,0,0,8,75,1,0,21.5
Durham Smythe,TE,BAL,CBS,0,0,0,0,0,8,79,1,0,21.9
Ko Kieft,TE,TB,CBS,0,0,0,0,0,8,81,1,0,22.1
Will Mallory,TE,IND,CBS,0,0,0,0,0,8,97,1,0,23.700000000000003
Trey McBride,TE,ARI,FantasyPros,0,0,0,0,0,108.9,1068.6,6.8,0.2,256.16
Brock Bowers,TE,LV,FantasyPros,0,0,0,0,0,96.6,1023,7.5,0.2,243.5
Colston Loveland,TE,CHI,FantasyPros,0,0,0,0,0,79.3,928.3,6.7,0.2,211.92999999999998
Tyler Warren,TE,IND,FantasyPros,0,0,0,0,0,78.9,877.8,5.5,0.3,199.08
Harold Fannin Jr.,TE,CLE,FantasyPros,0,0,0,0,0,82.6,834.3,5.7,0.8,198.63000000000002
George Kittle,TE,SF,FantasyPros,0,0,0,0,0,70.2,795.8,6.2,0.2,186.58
Kyle Pitts Sr.,TE,ATL,FantasyPros,0,0,0,0,0,77.2,845.2,4.4,0.1,187.92000000000004
Sam LaPorta,TE,DET,FantasyPros,0,0,0,0,0,70.5,813.7,5.5,0.2,184.47
Dallas Goedert,TE,PHI,FantasyPros,0,0,0,0,0,65.5,690.1,7.6,0.2,179.70999999999998
Travis Kelce,TE,KC,FantasyPros,0,0,0,0,0,74.9,784.8,4.8,0.3,181.58
