player,pos,team,adp,pass_yds,pass_td,pass_int,rush_yds,rush_td,rec,rec_yds,rec_td,fumbles,floor_mult,ceiling_mult,adp_ppr,adp_half,adp_std
Kyle Juszczyk,FB,SF,NA,0,0,0,2,0,27,257,2,0,1,1,NA,NA,NA
Connor Heyward,FB,LV,NA,0,0,0,0,0,14,102,2,0,1,1,NA,NA,NA
Michael Burton,FB,CLE,NA,0,0,0,10,1,6,40,1,0,1,1,NA,NA,NA
Andrew Beck,FB,NYJ,NA,0,0,0,8,0,5,35,2,0,1,1,NA,NA,NA
Drake Maye,QB,NE,52,3982.8,27.57,10.8,513,3.9,0,0,0,3.87,0.976,1.039,52,51.8,51.5
Brock Purdy,QB,SF,86.8,4152.3,27.77,14.77,310.5,3.93,0,0,0,3.1,0.984,1.027,86.8,83.4,86.1
Dak Prescott,QB,DAL,65.1,4274.8,31.3,11.77,177.4,1.9,0,0,0,1.6,0.974,1.04,65.1,65.4,67.5
Josh Allen,QB,BUF,33.7,3822.1,27.83,12.07,592.3,11.17,0,0,0,2.7,0.984,1.02,33.7,33.2,28.2
Joe Burrow,QB,CIN,56.3,4190.7,33.43,12.2,177.5,1.47,0,0,0,0.97,0.992,1.015,56.3,56.1,54.6
Jayden Daniels,QB,WAS,72.7,3646,23.93,11,699.8,4.9,0,0,0,1.6,0.986,1.009,72.7,71.6,69.3
Jared Goff,QB,DET,101.8,4234.5,31.5,10,47.5,0.5,0,0,0,2,0.988,1.012,101.8,100.8,102.5
Lamar Jackson,QB,BAL,57,3634.2,29.1,10.2,638.4,3.4,0,0,0,2.73,0.984,1.032,57,56.3,56.5
Justin Herbert,QB,LAC,104.7,3805,27,12,462,2,0,0,0,1,0.987,1.013,104.7,107,108.4
Caleb Williams,QB,CHI,89.4,3873,27.5,10,391.5,2,0,0,0,1,0.964,1.036,89.4,91,88.7
Tyler Shough,QB,NO,136.1,3943,22,12.5,306.5,4,0,0,0,2,0.98,1.02,136.1,138.7,141.7
Baker Mayfield,QB,TB,130.4,3884.5,27,13.5,361,1.5,0,0,0,1.5,0.96,1.04,130.4,135.7,136.2
Trevor Lawrence,QB,JAC,92.4,3900,27.67,13.67,329,5.3,0,0,0,2.13,0.978,1.037,92.4,91.6,89.5
Patrick Mahomes,QB,KCC,103,3839.5,27.5,12.5,382,3.5,0,0,0,0.5,0.98,1.02,103,103.8,104.7
Matthew Stafford,QB,LAR,76,4164.5,34.5,8.5,38.5,0.5,0,0,0,1,0.97,1.03,76,73,72.4
Sam Darnold,QB,SEA,145.9,4066,28,13,135.5,0.5,0,0,0,3,0.969,1.031,145.9,142,152.9
C.J. Stroud,QB,HOU,159.1,3934,24.5,12,249,1,0,0,0,1.5,0.96,1.04,159.1,158,159.4
Jaxson Dart,QB,NYG,118.5,3591.8,23.1,11.67,544.4,6.5,0,0,0,1.63,0.986,1.015,118.5,118.2,122.8
Kyler Murray,QB,MIN,134.8,3631.5,25,15.5,496.5,4,0,0,0,2,0.974,1.026,134.8,135.9,143.9
Jordan Love,QB,GB,143.7,3862,27.5,10.5,217,1,0,0,0,1,0.994,1.006,143.7,150.3,145.5
Jalen Hurts,QB,PHI,78.9,3570.2,24.4,7.47,462.7,8.47,0,0,0,2.67,0.987,1.018,78.9,81.9,81.9
Daniel Jones,QB,IND,158.4,3794,25,11.5,237,4.5,0,0,0,1.5,0.993,1.007,158.4,162.6,168.2
Bo Nix,QB,DEN,111.9,3691.5,26.5,10.5,331,3.5,0,0,0,0.5,0.962,1.038,111.9,113.4,117
Malik Willis,QB,MIA,160.5,3336.5,19.5,13.5,635.5,4,0,0,0,3,0.929,1.071,160.5,165,160.7
Bryce Young,QB,CAR,167.2,3508,23,13,278,3,0,0,0,1,0.963,1.037,167.2,173.1,NA
Jacoby Brissett,QB,ARI,169.5,3559.5,19.5,10.5,226,1.5,0,0,0,3,0.903,1.097,169.5,175.8,NA
Cam Ward,QB,TEN,170.1,3547.5,20,10,174.5,2.5,0,0,0,3,0.991,1.009,170.1,NA,NA
Geno Smith,QB,NYJ,170.7,3384.5,22.5,15,237.5,1,0,0,0,0.5,0.943,1.057,170.7,NA,NA
Aaron Rodgers,QB,PIT,172.6,3401,21.5,10,84,1,0,0,0,1,0.952,1.048,172.6,NA,NA
Fernando Mendoza,QB,LV,157.1,2833.5,16,13.5,241,1.5,0,0,0,1,0.948,1.052,157.1,NA,NA
Tua Tagovailoa,QB,ATL,160.8,2254,13,7.5,41.5,0,0,0,0,0.5,0.885,1.115,160.8,NA,NA
Deshaun Watson,QB,CLE,172.1,1968.5,11,7.5,193,1.5,0,0,0,2.5,0.628,1.372,172.1,NA,NA
Shedeur Sanders,QB,CLE,NA,1549.5,7,5.5,123.5,0.5,0,0,0,0.5,0.5,1.5,NA,NA,NA
Michael Penix Jr.,QB,ATL,NA,1570,8.5,4,57.5,1,0,0,0,0.5,0.845,1.155,NA,NA,NA
Kirk Cousins,QB,LV,NA,750.5,4.5,3.5,10,0,0,0,0,0.5,0.918,1.082,NA,NA,NA
Carson Beck,QB,ARI,NA,451,3,2,29,0,0,0,0,0,1,1,NA,NA,NA
Marcus Mariota,QB,WAS,NA,342,3,1,6,0,0,0,0,0,1,1,NA,NA,NA
Ty Simpson,QB,LAR,NA,298,2.5,1,18.5,0,0,0,0,0,0.5,1.5,NA,NA,NA
Joshua Dobbs,QB,DET,NA,180,1,0,9,0,0,0,0,0,1,1,NA,NA,NA
Riley Leonard,QB,IND,NA,161,1,0,20,0,0,0,0,1,1,1,NA,NA,NA
Drew Lock,QB,SEA,NA,159,1,1,21,0,0,0,0,0,1,1,NA,NA,NA
Davis Mills,QB,HOU,NA,160,1,0,19,0,0,0,0,0,1,1,NA,NA,NA
Joe Flacco,QB,CIN,NA,169.5,1,1,8.5,0,0,0,0,0.5,0.992,1.008,NA,NA,NA
Tommy DeVito,QB,NE,NA,157,1,0,21,0,0,0,0,0,1,1,NA,NA,NA
Spencer Rattler,QB,NO,NA,160,1,1,17,0,0,0,0,0,1,1,NA,NA,NA
Quinn Ewers,QB,MIA,NA,157,1,1,19,0,0,0,0,0,1,1,NA,NA,NA
Tyrod Taylor,QB,GB,NA,151,1,0,21,0,0,0,0,0,1,1,NA,NA,NA
Tyson Bagent,QB,CHI,NA,158,1,0,14,0,0,0,0,0,1,1,NA,NA,NA
Gardner Minshew,QB,ARI,NA,154,1,0,15,0,0,0,0,0,1,1,NA,NA,NA
Trey Lance,QB,LAC,NA,149,1,1,19,0,0,0,0,0,1,1,NA,NA,NA
Mac Jones,QB,SF,NA,156.5,1,1,10,0,0,0,0,0,0.868,1.132,NA,NA,NA
Jameis Winston,QB,NYG,NA,153,1,1,12.5,0,0,0,0,0.5,0.946,1.054,NA,NA,NA
J.J. McCarthy,QB,MIN,NA,151,1,1,12.5,0,0,0,0,0,0.99,1.01,NA,NA,NA
Andy Dalton,QB,PHI,NA,140,1,0,23,0,0,0,0,1,1,1,NA,NA,NA
Jarrett Stidham,QB,DEN,NA,144,1,0,19,0,0,0,0,0,1,1,NA,NA,NA
Justin Fields,QB,KCC,NA,144.5,1,0.5,18,0,0,0,0,0,0.947,1.053,NA,NA,NA
Tyler Huntley,QB,BAL,NA,133,1,0,28,0,0,0,0,0,1,1,NA,NA,NA
Kenny Pickett,QB,CAR,NA,135,1,1,22,0,0,0,0,0,1,1,NA,NA,NA
Mason Rudolph,QB,PIT,NA,135,1,0,17,0,0,0,0,0,1,1,NA,NA,NA
Stetson Bennett,QB,LAR,NA,135,1,0,10,0,0,0,0,0,1,1,NA,NA,NA
Tanner McKee,QB,PHI,NA,129,1,0,16,0,0,0,0,0,1,1,NA,NA,NA
Brady Cook,QB,NYJ,NA,124,1,1,19,0,0,0,0,0,1,1,NA,NA,NA
Anthony Richardson,QB,IND,NA,110,1,0,20,0,0,0,0,0,1,1,NA,NA,NA
Jalon Daniels,QB,TB,NA,120,1,0,10,0,0,0,0,0,1,1,NA,NA,NA
Mitch Trubisky,QB,TEN,NA,123,1,0,7,0,0,0,0,0,1,1,NA,NA,NA
Cole Payton,QB,PHI,NA,105,1,0,10,0,0,0,0,0,1,1,NA,NA,NA
Jalen Milroe,QB,SEA,NA,89,1,0,14,0,0,0,0,0,1,1,NA,NA,NA
Kyle McCord,QB,GB,NA,93,1,1,8,0,0,0,0,0,1,1,NA,NA,NA
Cade Klubnik,QB,NYJ,NA,90,1,0,9,0,0,0,0,0,1,1,NA,NA,NA
Kyle Allen,QB,BUF,NA,96,1,0,2,0,0,0,0,0,1,1,NA,NA,NA
Bijan Robinson,RB,ATL,2.3,0,0,0,1387.4,8.6,74.63,705.2,3.5,1.27,0.989,1.008,2.3,2.3,2.3
Jahmyr Gibbs,RB,DET,1.5,0,0,0,1370.9,14.27,71.1,584,4.03,0.7,0.966,1.039,1.5,1.5,1.4
Jonathan Taylor,RB,IND,7.4,0,0,0,1528.9,13.3,44.93,358.3,1.5,1.23,0.97,1.038,7.4,5.8,4.1
Derrick Henry,RB,BAL,16.5,0,0,0,1579.1,13.8,18.7,185.3,0.9,1.23,0.977,1.038,16.5,10.1,7.6
Christian McCaffrey,RB,SF,6.5,0,0,0,1076.9,8.57,77.53,685.7,4.87,0.7,0.962,1.032,6.5,7,6.8
De'Von Achane,RB,MIA,10.2,0,0,0,1213.9,6,68.83,518.9,4.33,0.67,0.967,1.058,10.2,11.4,11.4
James Cook,RB,BUF,12.1,0,0,0,1435,9,32,273,2,3,1,1,12.1,9.1,8.4
James Cook III,RB,BUF,12.1,0,0,0,1405.3,10.65,34.65,292.7,1.95,1.2,0.975,1.025,12.1,9.1,8.4
Saquon Barkley,RB,PHI,18.8,0,0,0,1319.1,8.07,42.03,338.5,2.03,0.67,0.981,1.028,18.8,17.1,12.1
Kenneth Walker III,RB,KCC,21.3,0,0,0,1217,8.57,46.93,362.9,1.07,0.63,0.954,1.054,21.3,20.5,19.3
Travis Etienne Jr.,RB,NO,37.8,0,0,0,1141,6,45,389,2,0,1,1,37.8,37.5,37.5
Breece Hall,RB,NYJ,33.2,0,0,0,1088.5,7,46,405,2.5,1,0.888,1.112,33.2,33.1,32
Chase Brown,RB,CIN,13.1,0,0,0,1026.9,7.93,67.03,444.1,3.97,0.7,0.954,1.066,13.1,14.4,15.6
Jeremiyah Love,RB,ARI,27.4,0,0,0,1032.5,7,54,434,2,1.5,0.889,1.111,27.4,29.8,30.7
Javonte Williams,RB,DAL,36.8,0,0,0,1230.5,11,34,182.5,1.5,1,0.94,1.06,36.8,33.4,27.5
Ashton Jeanty,RB,LV,21.4,0,0,0,998.5,7.5,57,396,3.5,0.5,0.928,1.072,21.4,22.5,26.8
Bucky Irving,RB,TB,46,0,0,0,1009.5,5.5,40.5,347,2.5,0.5,0.93,1.07,46,48.1,46.6
D'Andre Swift,RB,CHI,45,0,0,0,1050.5,8.5,33.5,297.5,1,0.5,0.936,1.064,45,42.9,40.3
Travis Etienne,RB,NO,37.8,0,0,0,986,5,48,359,5,1,1,1,37.8,37.5,37.5
Quinshon Judkins,RB,CLE,50.8,0,0,0,1109.5,8.5,34.5,232.5,0.5,0.5,0.977,1.023,50.8,50.4,49.3
Omarion Hampton,RB,LAC,22.5,0,0,0,989,9.5,49,330.5,2,0.5,0.944,1.056,22.5,22.8,23.3
Cam Skattebo,RB,NYG,40.2,0,0,0,959.5,8,44,341.5,2.5,1,0.967,1.033,40.2,39.6,37
Kyren Williams,RB,LAR,31.8,0,0,0,1058,9.5,33,233,2.5,1,0.991,1.009,31.8,27.4,21.2
David Montgomery,RB,HOU,57.3,0,0,0,999.5,8,29.5,221,0.5,1,0.996,1.004,57.3,56.5,52.4
Tony Pollard,RB,TEN,69.5,0,0,0,1016.5,5.5,32,198.5,0,1.5,0.995,1.005,69.5,66.4,67.6
Jadarian Price,RB,SEA,73.8,0,0,0,950,8,23.5,217,1,1.5,0.983,1.017,73.8,72.6,68.1
J.K. Dobbins,RB,DEN,87.4,0,0,0,1047.5,7,21,104.5,0.5,0.5,0.988,1.012,87.4,79.9,72.2
Rico Dowdle,RB,PIT,75.2,0,0,0,913,6.5,32.5,231.5,1,0.5,0.998,1.002,75.2,73.5,76.2
Jaylen Warren,RB,PIT,62.5,0,0,0,822.5,5,43,318,1.5,0.5,0.999,1.001,62.5,63.9,66.5
Bhayshul Tuten,RB,JAC,53.6,0,0,0,943,9.5,25,189.5,2,1.5,0.988,1.012,53.6,53.3,48.8
Jonathon Brooks,RB,CAR,93.5,0,0,0,866,6,30.5,239,1,1,0.972,1.028,93.5,90.3,89.8
TreVeyon Henderson,RB,NE,64.4,0,0,0,860.5,7,36,238,1,0.5,0.974,1.026,64.4,62.8,58.8
Rhamondre Stevenson,RB,NE,62,0,0,0,717,6.5,37.5,341,2,1.5,0.927,1.073,62,62.3,60.1
Kyle Monangai,RB,CHI,110.8,0,0,0,834,5.5,24.5,212,0.5,0.5,0.959,1.041,110.8,104.5,95.2
Aaron Jones Sr.,RB,MIN,105.5,0,0,0,654,3,47,345,2,0,1,1,105.5,111.1,116.7
Jordan Mason,RB,MIN,115.6,0,0,0,903.5,7,15.5,83,0,0.5,0.99,1.01,115.6,113.2,96.5
Chuba Hubbard,RB,CAR,83.3,0,0,0,722,4.5,37,255,2,0.5,0.991,1.009,83.3,88,83.8
Kenneth Gainwell,RB,TB,NA,0,0,0,536,4,60,438,2,1,1,1,NA,NA,NA
Aaron Jones,RB,MIN,105.5,0,0,0,661,3,38,291,2,1,1,1,105.5,111.1,116.7
Jacory Croskey-Merritt,RB,WAS,115.2,0,0,0,852.5,7.5,12.5,95,0.5,1,0.953,1.047,115.2,103.1,87.7
Blake Corum,RB,LAR,122.9,0,0,0,861.5,6.5,11.5,76.5,0.5,0.5,0.904,1.096,122.9,120.5,104.9
MarShawn Lloyd,RB,GB,139.3,0,0,0,778,6,17,136,1,1.5,0.908,1.092,139.3,138.1,138.2
Josh Jacobs,RB,GB,32,0,0,0,681.5,7.5,23.5,184.5,1,0.5,0.949,1.051,32,28.6,20.7
Kenny Gainwell,RB,TB,91.2,0,0,0,521,5,52,342,2,0,1,1,91.2,98.9,117.6
Rachaad White,RB,WAS,114.9,0,0,0,638.5,5.5,32.5,216.5,1.5,0.5,0.96,1.04,114.9,120.8,130.5
Woody Marks,RB,HOU,139.7,0,0,0,587.5,3,22.5,189,2,0.5,0.999,1.001,139.7,141.4,137.2
RJ Harvey,RB,DEN,94.8,0,0,0,423,4.5,47,349.5,3.5,0.5,0.895,1.105,94.8,105.9,117.3
Tyjae Spears,RB,TEN,130.1,0,0,0,396.5,3.5,50,331.5,1.5,0.5,0.958,1.042,130.1,137.4,154
Isiah Pacheco,RB,DET,154.7,0,0,0,579.5,3.5,19.5,120.5,1,0.5,0.914,1.086,154.7,152.8,150.5
AJ Dillon,RB,CAR,NA,0,0,0,532,3,18,146,1,5,1,1,NA,NA,NA
Alvin Kamara,RB,NO,152.5,0,0,0,446,2.5,31,217.5,0.5,0.5,0.995,1.005,152.5,157.8,159.3
Zach Charbonnet,RB,SEA,133.3,0,0,0,502,6.5,18,137,0,0.5,0.899,1.101,133.3,133.4,130
Mike Washington Jr.,RB,LV,147.3,0,0,0,489.5,3,18,145.5,0.5,1,0.639,1.361,147.3,154.2,151.6
Christopher Brooks,RB,GB,NA,0,0,0,539,2,13,91,0,1,1,1,NA,NA,NA
Chris Rodriguez Jr.,RB,JAC,155.8,0,0,0,564,5.5,3,26.5,0,0.5,0.726,1.274,155.8,152.5,148.4
Brian Robinson Jr.,RB,ATL,155.8,0,0,0,544,4,6.5,41,0,0.5,0.922,1.078,155.8,161.2,163
Justice Hill,RB,BAL,173.3,0,0,0,296.5,2.5,32.5,283,2,0,0.939,1.061,173.3,NA,163.8
Samaje Perine,RB,CIN,140.2,0,0,0,441.5,3.5,18,135.5,0.5,1.5,0.957,1.043,140.2,NA,NA
Braelon Allen,RB,NYJ,156,0,0,0,449,4.5,14,100.5,0.5,1.5,0.78,1.22,156,147.6,146.5
Keaton Mitchell,RB,LAC,157.8,0,0,0,433,2,15.5,114.5,0.5,0.5,0.896,1.104,157.8,166,156.4
Kaelon Black,RB,SF,159.1,0,0,0,452,3.5,10.5,95,0.5,1,0.657,1.343,159.1,158,151
Tank Bigsby,RB,PHI,159.2,0,0,0,510.5,4,4,32,0,0.5,0.764,1.236,159.2,156.6,158.3
Dylan Sampson,RB,CLE,160.2,0,0,0,262.5,1.5,37,279.5,2,1,0.784,1.216,160.2,163.5,NA
Tyler Allgeier,RB,ARI,154.9,0,0,0,416.5,4,17,112,0,0.5,0.947,1.053,154.9,154.4,153.6
Malik Davis,RB,DAL,NA,0,0,0,422,3,8.5,67,0,0.5,0.738,1.262,NA,NA,NA
Najee Harris,RB,NYG,160.5,0,0,0,392,2.5,11,75.5,0,0,0.972,1.028,160.5,NA,NA
Ty Johnson,RB,BUF,176.5,0,0,0,222.5,2,23,244,2,0,0.884,1.116,176.5,NA,NA
Jordan James,RB,SF,156.2,0,0,0,322.5,2.5,14,133,0.5,1,0.5,1.5,156.2,NA,NA
Tyrone Tracy Jr.,RB,NYG,155.5,0,0,0,338,1.5,15.5,113.5,0.5,0.5,0.585,1.415,155.5,152.1,146.7
Chris Brooks,RB,GB,NA,0,0,0,234,2,19,137,1,0,1,1,NA,NA,NA
Jaylen Wright,RB,MIA,NA,0,0,0,318,1.5,7,52.5,0,1,0.858,1.142,NA,NA,NA
Emanuel Wilson,RB,SEA,NA,0,0,0,289.5,1.5,7.5,52,0,0.5,0.5,1.5,NA,NA,NA
Kimani Vidal,RB,LAC,164.1,0,0,0,234.5,1.5,12,104,0.5,0,0.586,1.414,164.1,NA,149.8
Brashard Smith,RB,KCC,NA,0,0,0,180.5,1,18.5,131.5,1,0,0.934,1.066,NA,NA,NA
Jonah Coleman,RB,DEN,148.7,0,0,0,203,1.5,10,74.5,0.5,0,0.5,1.5,148.7,161.8,148.2
LeQuint Allen,RB,JAC,NA,0,0,0,218,1,9,50,0,0,1,1,NA,NA,NA
Isaiah Davis,RB,NYJ,NA,0,0,0,174.5,1,10,78.5,0,0,0.877,1.123,NA,NA,NA
Emari Demercado,RB,KC,141.5,0,0,0,206,0,5,41,0,0,1,1,141.5,NA,NA
Adam Randall,RB,BAL,NA,0,0,0,169.5,1,6.5,70.5,0.5,0.5,0.5,1.5,NA,NA,NA
Emmett Johnson,RB,KCC,152.6,0,0,0,192,1.5,5,41,0,0,0.614,1.386,152.6,NA,NA
James Conner,RB,ARI,160.7,0,0,0,108.5,1,14,106.5,1,0,0.5,1.5,160.7,NA,NA
Ray Davis,RB,BUF,164,0,0,0,150.5,0.5,5,39,0,0,0.746,1.254,164,NA,NA
George Holani,RB,SEA,NA,0,0,0,141,1.5,6,46,0,0,0.736,1.264,NA,NA,NA
LeQuint Allen Jr.,RB,JAC,NA,0,0,0,34,0,22,148,1,0,1,1,NA,NA,NA
Seth McGowan,RB,IND,NA,0,0,0,140,1.5,5.5,42,0,0,0.939,1.061,NA,NA,NA
Kyle Juszczyk,RB,SF,NA,0,0,0,19,0,20,161,1,0,1,1,NA,NA,NA
Sean Tucker,RB,TB,NA,0,0,0,163.5,2,1.5,10,0,0,0.911,1.089,NA,NA,NA
Corey Kiner,RB,ARI,NA,0,0,0,149,1,2,20,0,0,1,1,NA,NA,NA
Ollie Gordon II,RB,MIA,52,0,0,0,137.5,1,2.5,16,0,0,0.646,1.354,NA,52,NA
Isaac Guerendo,RB,SF,NA,0,0,0,122,1,3,29,0,0,1,1,NA,NA,NA
Audric Estime,RB,NO,NA,0,0,0,122,1,3,24,0,0,1,1,NA,NA,NA
Devin Singletary,RB,NYG,NA,0,0,0,130,1,1,10,0,0,1,1,NA,NA,NA
Eli Heidenreich,RB,PIT,NA,0,0,0,117,1,2,21,0,0,1,1,NA,NA,NA
Kendre Miller,RB,NO,NA,0,0,0,120,1,2.5,17,0,0,0.685,1.315,NA,NA,NA
Kaytron Allen,RB,WAS,NA,0,0,0,111,0.5,3,25.5,0,0,0.611,1.389,NA,NA,NA
Roschon Johnson,RB,CHI,NA,0,0,0,116,3,3,18,0,0,1,1,NA,NA,NA
Jacob Saylors,RB,DET,NA,0,0,0,101,1,4,30,0,0,1,1,NA,NA,NA
Tahj Brooks,RB,CIN,NA,0,0,0,128,1,0,0,0,0,1,1,NA,NA,NA
Ameer Abdullah,RB,JAC,NA,0,0,0,71,1,8,56,0,0,1,1,NA,NA,NA
Raheim Sanders,RB,CLE,NA,0,0,0,107,1,2,17,0,0,1,1,NA,NA,NA
Will Shipley,RB,PHI,NA,0,0,0,40,0,11,83,0,0,1,1,NA,NA,NA
Demond Claiborne,RB,MIN,NA,0,0,0,96,0.5,3.5,25,0,0,0.742,1.258,NA,NA,NA
Nicholas Singleton,RB,TEN,NA,0,0,0,94,1,3,25.5,0,0,0.979,1.021,NA,NA,NA
Hunter Luepke,RB,DAL,NA,0,0,0,56,0,9,62,0,0,1,1,NA,NA,NA
DJ Giddens,RB,IND,NA,0,0,0,93,0.5,2.5,20,0,0,0.726,1.274,NA,NA,NA
Zonovan Knight,RB,ARI,NA,0,0,0,86,1,3,20,0,0,1,1,NA,NA,NA
Rasheen Ali,RB,BAL,NA,0,0,0,54.5,0,5.5,40.5,0.5,0,0.722,1.278,NA,NA,NA
Kene Nwangwu,RB,NYJ,NA,0,0,0,66,0.5,0,2,0,0,0.5,1.5,NA,NA,NA
Kaleb Johnson,RB,GB,NA,0,0,0,33,0,1,10,0,0,1,1,NA,NA,NA
Riley Nowakowski,RB,PIT,NA,0,0,0,0,0,4,29,0,0,1,1,NA,NA,NA
Trey McBride,TE,ARI,29,0,0,0,0,0,110.63,1075.2,6.6,0.07,0.933,1.073,29,37.9,49.9
Brock Bowers,TE,LV,34.8,0,0,0,5,0,94.53,1001.3,7.83,0.07,0.992,1.006,34.8,41.6,48.9
Colston Loveland,TE,CHI,55.5,0,0,0,0,0,81.43,955.1,6.9,0.07,0.949,1.08,55.5,59.8,68
Tyler Warren,TE,IND,65.4,0,0,0,4.7,0,79.3,891.6,5.83,0.1,0.977,1.039,65.4,71.7,79.6
Harold Fannin Jr.,TE,CLE,75.5,0,0,0,7,0,84.53,845.4,5.9,0.6,0.915,1.111,75.5,81,92.3
Kyle Pitts Sr.,TE,ATL,78.8,0,0,0,0,0,78.6,851.6,3.7,0.05,0.989,1.011,78.8,92.4,119.3
George Kittle,TE,SF,95.4,0,0,0,0,0,74.73,842.6,6.73,0.07,0.936,1.081,95.4,93.2,106.2
Sam LaPorta,TE,DET,114.7,0,0,0,0,0,73.5,836.6,5.5,0.07,0.971,1.047,114.7,118.5,125.3
Kyle Pitts,TE,ATL,78.8,0,0,0,0,0,75,822,6,0,1,1,78.8,92.4,119.3
Travis Kelce,TE,KCC,105.9,0,0,0,0,0,75.63,789.3,4.93,0.1,0.951,1.062,105.9,122,140.5
Isaiah Likely,TE,NYG,137.1,0,0,0,0,0,67.5,788.5,5.5,1,0.875,1.125,137.1,135.8,136.8
Tucker Kraft,TE,GB,102,0,0,0,4,0,61.5,779.5,7,0,0.938,1.062,102,90.2,90.2
Juwan Johnson,TE,NO,152.5,0,0,0,0,0,68,766.5,3.5,1,0.911,1.089,152.5,153.1,155.9
Dalton Kincaid,TE,BUF,148.5,0,0,0,0,0,59,737,5.5,0,0.922,1.078,148.5,144,141.5
Dallas Goedert,TE,PHI,108.8,0,0,0,0,0,68.17,711.7,8.2,0.07,0.953,1.093,108.8,102.8,95.9
Brenton Strange,TE,JAC,164.9,0,0,0,0,0,64.5,706.5,4.5,0,0.881,1.119,164.9,163.6,167.8
Hunter Henry,TE,NE,159.2,0,0,0,0,0,56,664.5,5.5,0,0.958,1.042,159.2,164.5,158.5
Greg Dulcich,TE,MIA,163.8,0,0,0,0,0,55.5,628.5,3,1,0.909,1.091,163.8,NA,NA
Chigoziem Okonkwo,TE,WAS,NA,0,0,0,0,0,53,628,3,0,1,1,NA,NA,NA
Mark Andrews,TE,BAL,130.8,0,0,0,17.5,0.5,59,605,8.5,0,0.977,1.023,130.8,128.8,122.3
Dalton Schultz,TE,HOU,161.5,0,0,0,0,0,65.5,620.5,3.5,0,0.895,1.105,161.5,168.3,NA
Jake Ferguson,TE,DAL,132.7,0,0,0,0,0,75.5,616,6.5,1,0.97,1.03,132.7,138.9,160.7
T.J. Hockenson,TE,MIN,163.3,0,0,0,0,0,66.5,578.5,3.5,0,0.899,1.101,163.3,170.4,NA
Kenyon Sadiq,TE,NYJ,158.3,0,0,0,0,0,53.5,575.5,5,0.5,0.956,1.044,158.3,NA,NA
Cade Otton,TE,TB,NA,0,0,0,0,0,56,573,3,0,0.769,1.231,NA,NA,NA
Chig Okonkwo,TE,WAS,165.2,0,0,0,0,0,51,559,2,0,1,1,165.2,167.2,NA
Pat Freiermuth,TE,PIT,173.3,0,0,0,0,0,53,556.5,4,0,0.957,1.043,173.3,NA,NA
Terrance Ferguson,TE,LAR,163.5,0,0,0,0,0,37.5,554.5,5,0,0.911,1.089,163.5,179.2,NA
Oronde Gadsden II,TE,LAC,159.3,0,0,0,0,0,38,534,3,1,1,1,NA,159.3,NA
Evan Engram,TE,DEN,NA,0,0,0,0,0,51.5,471.5,2.5,0,0.927,1.073,NA,NA,NA
Darren Waller,TE,CAR,NA,0,0,0,0,0,44.5,471,5,0,0.94,1.06,NA,NA,NA
AJ Barner,TE,SEA,166.2,0,0,0,9,0,46,452.5,5.5,0,0.912,1.088,166.2,NA,NA
Mike Gesicki,TE,CIN,NA,0,0,0,0,0,42.5,447,3.5,0,0.881,1.119,NA,NA,NA
Gunnar Helm,TE,TEN,NA,0,0,0,0,0,51,438,3,0,0.884,1.116,NA,NA,NA
David Njoku,TE,LAC,147.2,0,0,0,0,0,41,410,5,0,0.944,1.056,147.2,NA,NA
Mason Taylor,TE,NYJ,NA,0,0,0,0,0,44.5,373,2.5,0,0.697,1.303,NA,NA,NA
Colby Parkinson,TE,LAR,NA,0,0,0,0,0,34.5,363,4.5,0.5,0.776,1.224,NA,NA,NA
Michael Mayer,TE,LV,NA,0,0,0,0,0,38.5,355,1.5,0,0.957,1.043,NA,NA,NA
Marlin Klein,TE,HOU,NA,0,0,0,0,0,35,353,2,1,1,1,NA,NA,NA
Darnell Washington,TE,PIT,NA,0,0,0,0,0,33,344,2,0.5,0.937,1.062,NA,NA,NA
Dawson Knox,TE,BUF,NA,0,0,0,0,0,30,332.5,3,0,0.855,1.145,NA,NA,NA
Daniel Bellinger,TE,TEN,NA,0,0,0,0,0,26,332,3,0,1,1,NA,NA,NA
Theo Johnson,TE,NYG,NA,0,0,0,0,0,30,329,3.5,0,0.762,1.238,NA,NA,NA
Tyler Higbee,TE,LAR,NA,0,0,0,0,0,27.5,327,2.5,0,0.5,1.5,NA,NA,NA
Oronde Gadsden,TE,LAC,159.3,0,0,0,0,0,30,322,3,0,1,1,NA,159.3,NA
Brock Wright,TE,DET,NA,0,0,0,0,0,34,303,4,0,1,1,NA,NA,NA
Erick All,TE,CIN,NA,0,0,0,0,0,36,302,2,0,1,1,NA,NA,NA
Noah Fant,TE,NO,NA,0,0,0,0,0,31.5,292,1.5,1.5,0.615,1.385,NA,NA,NA
Erick All Jr.,TE,CIN,NA,0,0,0,0,0,30,275,2,0,1,1,NA,NA,NA
Will Kacmarek,TE,MIA,NA,0,0,0,0,0,26.5,251.5,2,0.5,0.662,1.338,NA,NA,NA
Davis Allen,TE,LAR,NA,0,0,0,0,0,26,241,3,0,1,1,NA,NA,NA
Charlie Kolar,TE,LAC,NA,0,0,0,0,0,20,240.5,2.5,0,0.608,1.392,NA,NA,NA
Nate Boerkircher,TE,JAC,NA,0,0,0,0,0,22,240,2,1,1,1,NA,NA,NA
Eli Stowers,TE,PHI,NA,0,0,0,10,0,21,215,1.5,0.5,0.577,1.423,NA,NA,NA
Cole Kmet,TE,CHI,NA,0,0,0,0,0,22,224.5,2,0,0.992,1.008,NA,NA,NA
Adam Trautman,TE,DEN,NA,0,0,0,0,0,21.5,216.5,1.5,0,0.711,1.289,NA,NA,NA
Austin Hooper,TE,ATL,NA,0,0,0,0,0,22,215.5,1,0,0.91,1.09,NA,NA,NA
Eli Raridon,TE,NE,NA,0,0,0,0,0,20.5,214.5,1.5,0.5,0.879,1.121,NA,NA,NA
Jonnu Smith,TE,GB,NA,0,0,0,5,0,22.5,205,2,0,0.715,1.285,NA,NA,NA
John Bates,TE,WAS,NA,0,0,0,0,0,20,203,2,1,1,1,NA,NA,NA
Elijah Higgins,TE,ARI,NA,0,0,0,0,0,22,201.5,1,0.5,0.959,1.041,NA,NA,NA
Noah Gray,TE,KCC,NA,0,0,0,0,0,20.5,200,1,0,0.748,1.252,NA,NA,NA
Josh Oliver,TE,MIN,NA,0,0,0,0,0,19.5,197.5,2.5,0,0.702,1.298,NA,NA,NA
Charlie Woerner,TE,ATL,NA,0,0,0,0,0,23,196,1,0,1,1,NA,NA,NA
Jeremy Ruckert,TE,NYJ,NA,0,0,0,0,0,27,196,2,0,1,1,NA,NA,NA
Elijah Arroyo,TE,SEA,NA,0,0,0,0,0,17,190,1.5,0,0.613,1.387,NA,NA,NA
Tommy Tremble,TE,CAR,NA,0,0,0,0,0,20.5,189,1.5,0,0.86,1.14,NA,NA,NA
Ja'Tavion Sanders,TE,CAR,NA,0,0,0,0,0,22,178,1,0,0.904,1.096,NA,NA,NA
Luke Musgrave,TE,GB,NA,0,0,0,0,0,18,178,1,0,1,1,NA,NA,NA
Grant Calcaterra,TE,PHI,NA,0,0,0,0,0,17,175,1,0,1,1,NA,NA,NA
Mitchell Evans,TE,CAR,NA,0,0,0,0,0,16,143,2,0,1,1,NA,NA,NA
Drew Sample,TE,CIN,NA,0,0,0,0,0,17.5,141.5,1,0,0.77,1.23,NA,NA,NA
Cade Stover,TE,HOU,NA,0,0,0,5,0,15.5,128,1,0,0.957,1.043,NA,NA,NA
Luke Schoonmaker,TE,DAL,NA,0,0,0,0,0,15,133,1,0,1,1,NA,NA,NA
Foster Moreau,TE,HOU,NA,0,0,0,0,0,11,132,2,0,1,1,NA,NA,NA
Jack Endries,TE,CIN,NA,0,0,0,0,0,13,123,1,0,1,1,NA,NA,NA
Ben Sinnott,TE,WAS,NA,0,0,0,0,0,11,122,2,0,1,1,NA,NA,NA
Jackson Hawes,TE,BUF,NA,0,0,0,0,0,10,120,2,0,1,1,NA,NA,NA
Oscar Delp,TE,NO,NA,0,0,0,0,0,11,115,1,0,1,1,NA,NA,NA
Bauer Sharp,TE,TB,NA,0,0,0,0,0,11,113,1,0,1,1,NA,NA,NA
Sam Roush,TE,CHI,NA,0,0,0,0,0,10,111,1,0,1,1,NA,NA,NA
Tanner Koziol,TE,JAC,NA,0,0,0,0,0,10,111,1,0,1,1,NA,NA,NA
Nate Adkins,TE,DEN,NA,0,0,0,0,0,16,108,3,0,1,1,NA,NA,NA
Brevyn Spann-Ford,TE,DAL,NA,0,0,0,0,0,11,106,1,0,1,1,NA,NA,NA
Dallen Bentley,TE,DEN,NA,0,0,0,0,0,12,104,1,0,1,1,NA,NA,NA
Thomas Fidone II,TE,NYG,NA,0,0,0,0,0,10,101,1,0,1,1,NA,NA,NA
Josh Cuevas,TE,BAL,NA,0,0,0,0,0,8,97,1,0,1,1,NA,NA,NA
Matthew Hibner,TE,BAL,NA,0,0,0,0,0,8,97,1,0,1,1,NA,NA,NA
Will Mallory,TE,IND,NA,0,0,0,0,0,8,97,1,0,1,1,NA,NA,NA
Jared Wiley,TE,KC,NA,0,0,0,0,0,11,96,1,0,1,1,NA,NA,NA
Jake Tonges,TE,SF,NA,0,0,0,0,0,10,92.5,1,0,0.883,1.117,NA,NA,NA
Payne Durham,TE,TB,NA,0,0,0,0,0,8,91,1,0,1,1,NA,NA,NA
Hunter Long,TE,JAC,NA,0,0,0,0,0,12,88,1,0,1,1,NA,NA,NA
Justin Joly,TE,DEN,NA,0,0,0,0,0,9,88,1,0,1,1,NA,NA,NA
Seydou Traore,TE,MIA,NA,0,0,0,0,0,9,88,1,0,1,1,NA,NA,NA
Ian Thomas,TE,LV,NA,0,0,0,0,0,10,87,1,0,1,1,NA,NA,NA
Josh Whyle,TE,GB,NA,0,0,0,0,0,10,86,1,0,1,1,NA,NA,NA
Chris Manhertz,TE,NYG,NA,0,0,0,0,0,9,85,1,0,1,1,NA,NA,NA
Kylen Granson,TE,TEN,NA,0,0,0,0,0,10,83,1,0,1,1,NA,NA,NA
Max Klare,TE,LAR,NA,0,0,0,0,0,7.5,82.5,0.5,0,0.5,1.5,NA,NA,NA
Ko Kieft,TE,TB,NA,0,0,0,0,0,8,81,1,0,1,1,NA,NA,NA
Durham Smythe,TE,BAL,NA,0,0,0,0,0,8,79,1,0,1,1,NA,NA,NA
Andrew Ogletree,TE,IND,NA,0,0,0,0,0,8,75,1,0,1,1,NA,NA,NA
Puka Nacua,WR,LAR,2.9,0,0,0,94.7,1.43,123.33,1609,9.33,0.67,0.95,1.051,2.9,2.8,4.2
Jaxon Smith-Njigba,WR,SEA,5.5,0,0,0,30.5,0.03,112.97,1583.6,10.17,0.7,0.976,1.035,5.5,5.2,6
Ja'Marr Chase,WR,CIN,3.9,0,0,0,19,0,123.1,1523.8,10.53,0.67,0.99,1.012,3.9,4,4.7
Amon-Ra St. Brown,WR,DET,6.4,0,0,0,10.9,0,116.8,1395.7,10.5,0.13,0.996,1.005,6.4,7.6,9
CeeDee Lamb,WR,DAL,10.3,0,0,0,16.9,0,100.4,1333.9,7.5,0.1,0.972,1.056,10.3,12.3,13.8
Justin Jefferson,WR,MIN,11.7,0,0,0,7.5,0,99.93,1318.3,6.6,0.1,0.933,1.072,11.7,13.6,15.5
Drake London,WR,ATL,12.3,0,0,0,0,0,98.13,1260,9.27,0.67,0.966,1.041,12.3,13.4,13.4
A.J. Brown,WR,NE,17.1,0,0,0,0,0,88.23,1259.8,7.9,0.1,0.956,1.062,17.1,17.5,18.9
George Pickens,WR,DAL,19.9,0,0,0,-0.5,0,86.5,1249.5,9,0,0.902,1.098,19.9,18.7,19.1
Zay Flowers,WR,BAL,25.7,0,0,0,58.5,0.5,82.5,1176.5,6.5,1,0.954,1.046,25.7,23.8,24.6
Nico Collins,WR,HOU,21.1,0,0,0,12.5,0.5,84.5,1221.5,8,0.5,0.969,1.031,21.1,21.5,20.8
Chris Olave,WR,NO,19,0,0,0,0,0,95.23,1211.4,8.63,0.1,0.942,1.081,19,22.4,25
Tetairoa McMillan,WR,CAR,31.3,0,0,0,0,0,82.5,1177,7,0.5,0.983,1.017,31.3,30.5,32.3
DeVonta Smith,WR,PHI,29.5,0,0,0,0,0,90.5,1143.5,6,0,0.996,1.004,29.5,30.8,37.2
Emeka Egbuka,WR,TB,35.3,0,0,0,11,0,71,1122.5,7.5,0,0.985,1.015,35.3,34.5,35.1
Rashee Rice,WR,KCC,16.1,0,0,0,34.6,1.3,97.5,1066.7,10.53,0.2,0.951,1.087,16.1,17.4,19.5
Jameson Williams,WR,DET,45.2,0,0,0,42,1,63.5,1054.5,6.5,0,0.977,1.023,45.2,39.4,32.9
Malik Nabers,WR,NYG,26.6,0,0,0,12.5,0,82.5,1081,9,0,0.985,1.015,26.6,25.8,29.8
Garrett Wilson,WR,NYJ,26.7,0,0,0,6.5,0,94.5,1066,7,0.5,0.975,1.025,26.7,31.3,40.7
Luther Burden III,WR,CHI,54.9,0,0,0,40.5,0,74,998.5,5.5,0,0.972,1.028,54.9,56.9,60.3
Ladd McConkey,WR,LAC,37.9,0,0,0,0,0,81,1035.5,6.5,0,0.984,1.016,37.9,41.1,43.1
Jaylen Waddle,WR,DEN,44.7,0,0,0,18.5,0,76,994.5,6,0,0.999,1.001,44.7,47.2,51.4
Alec Pierce,WR,IND,69.7,0,0,0,0,0,54.5,1004,7,0,0.935,1.065,69.7,62.4,55.7
Tee Higgins,WR,CIN,36.2,0,0,0,0,0,73.5,995,9.5,0,0.941,1.059,36.2,35.2,32.6
Terry McLaurin,WR,WAS,48.3,0,0,0,0.5,0,70.5,988,8,0,0.997,1.003,48.3,46.1,43.7
Rome Odunze,WR,CHI,54.1,0,0,0,2,0,61.5,975,8,0,0.98,1.02,54.1,49.9,45.6
Marvin Harrison Jr.,WR,ARI,63.9,0,0,0,0,0,67.5,953,6,0,0.978,1.022,63.9,66.4,66.4
DJ Moore,WR,BUF,47.7,0,0,0,58.5,0.5,68,879.5,7.5,0.5,0.992,1.008,47.7,47.3,48.8
Davante Adams,WR,LAR,41.9,0,0,0,0,0,68.5,932.5,10.5,0,0.953,1.047,41.9,37.5,35.8
Brian Thomas Jr.,WR,JAC,72.6,0,0,0,26.5,0.5,59,900.5,5.5,0,0.934,1.066,72.6,72.3,70.4
DK Metcalf,WR,PIT,66.4,0,0,0,5,0.5,63,917.5,6,0,0.994,1.006,66.4,64.1,62.6
Christian Watson,WR,GB,58.6,0,0,0,13,0,54.5,894,8,0,0.971,1.029,58.6,55.6,49.9
Parker Washington,WR,JAC,63.6,0,0,0,20.5,0,63,886.5,6,0,0.964,1.036,63.6,64.7,64.8
Courtland Sutton,WR,DEN,61.1,0,0,0,0,0,69.5,902.5,7.5,0,0.992,1.008,61.1,61.3,61.2
Carnell Tate,WR,TEN,79.8,0,0,0,4.5,0,65.5,897,4,1,0.867,1.133,79.8,76.2,73
Mike Evans,WR,SF,54.7,0,0,0,0,0,63,894,6.5,0,0.95,1.05,54.7,53.7,53.4
Matthew Golden,WR,GB,107.7,0,0,0,46,0,60,819,4.5,0,0.91,1.09,107.7,101.1,95.5
Michael Pittman Jr.,WR,PIT,76,0,0,0,0,0,88,863,4,0,1,1,76,81.7,90.5
Michael Wilson,WR,ARI,75.1,0,0,0,1,0,68.5,848.5,4.5,0,0.97,1.03,75.1,74.6,75.1
Rashid Shaheed,WR,SEA,127.9,0,0,0,89,0.5,50,754.5,3.5,0.5,0.892,1.108,127.9,119,109
Chris Godwin,WR,TB,79.1,0,0,0,1,0,75,841,6,0,1,1,79.1,77.3,81.8
De'Zhaun Stribling,WR,SF,127.6,0,0,0,6.5,0,56,829,5,1,0.966,1.034,127.6,126.2,121.9
Jayden Reed,WR,GB,94,0,0,0,107.5,0,62,721.5,4.5,0,0.985,1.015,94,88.5,88.6
Xavier Worthy,WR,KCC,105.3,0,0,0,114,1,54.5,715,4.5,0,0.953,1.047,105.3,99.9,90.7
Wan'Dale Robinson,WR,TEN,86.4,0,0,0,14,0,81.5,809.5,3,0,0.965,1.035,86.4,95.1,105.4
KC Concepcion,WR,CLE,119.5,0,0,0,22.5,0,64,792.5,3.5,1,0.938,1.062,119.5,115.1,113.2
Jakobi Meyers,WR,JAC,86.6,0,0,0,24.5,0,69,790,5,0.5,0.998,1.002,86.6,87.4,90.3
Jordan Addison,WR,MIN,96.9,0,0,0,46,0.5,55.5,753,5.5,0,0.988,1.012,96.9,87.9,82.9
Quentin Johnston,WR,LAC,95.8,0,0,0,9,0,55.5,781,7.5,0.5,0.941,1.059,95.8,86.5,78.2
Calvin Ridley,WR,TEN,149.6,0,0,0,27.5,0.5,46.5,761.5,3,0,0.901,1.099,149.6,140.7,133.7
Jerry Jeudy,WR,CLE,129,0,0,0,2,0,59,775.5,3.5,0.5,0.907,1.093,129,122.9,122.7
Deebo Samuel,WR,SF,109.8,0,0,0,115,1,66,653,5,0,1,1,109.8,105.4,94.4
Stefon Diggs,WR,WAS,92.3,0,0,0,1,0,71.5,758.5,4,0,0.974,1.026,92.3,95.4,98.7
Makai Lemon,WR,PHI,123.9,0,0,0,6.5,0,52.5,737,4.5,1,0.975,1.025,123.9,126.2,119.5
Denzel Boston,WR,CLE,136.1,0,0,0,5,0,59,737.5,3.5,1,0.935,1.065,136.1,137.9,137.8
Romeo Doubs,WR,NE,109.9,0,0,0,0,0,56.5,738,5.5,0,0.911,1.089,109.9,102.9,96.7
Deebo Samuel Sr.,WR,SF,109.8,0,0,0,109,1,48,625,4,0,1,1,109.8,105.4,94.4
Jalen Coker,WR,CAR,121.7,0,0,0,0,0,60,717,4.5,0.5,0.937,1.063,121.7,116.4,115.4
Khalil Shakir,WR,BUF,103.1,0,0,0,8.5,0,68.5,705.5,4,0.5,0.945,1.055,103.1,109.6,112.1
Josh Downs,WR,IND,89.8,0,0,0,6.5,0,69.5,703.5,4.5,0.5,0.953,1.047,89.8,94.1,99.9
Chris Godwin Jr.,WR,TB,79.1,0,0,0,0,0,60,700,5,0,1,1,79.1,77.3,81.8
Tre Tucker,WR,LV,131.5,0,0,0,54.5,0,50,632,4,0,0.965,1.035,131.5,132.2,125.4
Michael Pittman,WR,PIT,76,0,0,0,0,0,77,677,6,0,1,1,76,81.7,90.5
Jalen McMillan,WR,TB,135.3,0,0,0,27,0,46.5,606,4,0,0.989,1.011,135.3,135.9,129.9
Kayshon Boutte,WR,HOU,160.6,0,0,0,0,0,45,628,5,0,0.972,1.028,160.6,161,155.9
Keenan Allen,WR,IND,134.1,0,0,0,0,0,58.5,607,4,0,0.886,1.114,134.1,133.7,140.8
Ja'Kobi Lane,WR,BAL,159.2,0,0,0,8.5,0,39,591.5,5.5,0.5,0.847,1.153,159.2,165.8,157.8
Rashod Bateman,WR,BAL,156.1,0,0,0,0,0,39,598,6,0,0.915,1.085,156.1,137.2,130.8
Jalen Nailor,WR,LV,154.2,0,0,0,9,0,43.5,588,4,0,0.974,1.026,154.2,152.1,143.3
Cooper Kupp,WR,SEA,156.4,0,0,0,1.5,0,47.5,584,3.5,0.5,0.819,1.181,156.4,150.3,152.3
Devaughn Vele,WR,NO,162.5,0,0,0,0,0,47.5,567.5,3.5,0,0.968,1.032,162.5,160.5,168.4
Jauan Jennings,WR,MIN,147.5,0,0,0,0,0,49,557.5,5,0.5,0.849,1.151,147.5,141.1,139.1
Adonai Mitchell,WR,NYJ,162.5,0,0,0,5,0,40,552,3.5,0.5,0.882,1.118,162.5,161.5,157.7
Marquise Brown,WR,PHI,NA,0,0,0,0,0,44,548,5,0,1,1,NA,NA,NA
Jordyn Tyson,WR,NO,157.1,0,0,0,4,0,39,538.5,3,0.5,0.929,1.071,157.1,157.7,158.9
Jaylin Noel,WR,HOU,178.2,0,0,0,17.5,0,45.5,517,3.5,0,0.925,1.075,178.2,164.2,NA
Chris Bell,WR,MIA,159.4,0,0,0,5.5,0,40.5,516,3,0.5,0.829,1.171,159.4,NA,171.2
Germie Bernard,WR,PIT,NA,0,0,0,11,0,41,507.5,3,0.5,0.998,1.002,NA,NA,NA
Antonio Williams,WR,WAS,NA,0,0,0,18.5,0,35.5,496,3,1,0.725,1.275,NA,NA,NA
Caleb Douglas,WR,MIA,161.8,0,0,0,5.5,0,39,507.5,2.5,0.5,0.916,1.084,161.8,168.4,158.5
Darius Slayton,WR,NYG,175.2,0,0,0,8.5,0,35,504,2,0.5,0.831,1.169,175.2,NA,165.2
Ted Hurst,WR,TB,NA,0,0,0,13,0,35,484,3,1,1,1,NA,NA,NA
Malik Washington,WR,MIA,149.5,0,0,0,80.5,0.5,45,410.5,2.5,0.5,0.998,1.002,149.5,144,147.7
Xavier Hutchinson,WR,HOU,186.4,0,0,0,14,0,38.5,473.5,2.5,0,0.884,1.116,186.4,NA,NA
Christian Kirk,WR,SF,NA,0,0,0,0,0,42,485,3,0,1,1,NA,NA,NA
Josh Palmer,WR,BUF,NA,0,0,0,0,0,35,478,2,0,1,1,NA,NA,NA
Omar Cooper Jr.,WR,NYJ,161.5,0,0,0,12.5,0,38.5,458.5,3,0.5,0.836,1.164,161.5,NA,NA
Tyquan Thornton,WR,KCC,NA,0,0,0,0,0,25.5,466.5,3.5,0,0.836,1.164,NA,NA,NA
Bryce Lance,WR,NO,NA,0,0,0,5,0,34.5,461,2,1,0.5,1.5,NA,NA,NA
Dontayvion Wicks,WR,PHI,165.1,0,0,0,2.5,0,39,460.5,3,0,0.935,1.065,165.1,158.5,154.6
Travis Hunter,WR,JAC,163.3,0,0,0,11,0,38,452,3,0,1,1,163.3,163.7,164.5
Jahan Dotson,WR,ATL,NA,0,0,0,0,0,35,443,2,0,1,1,NA,NA,NA
Jalen Tolbert,WR,MIA,NA,0,0,0,0,0,35,442,2,0,1,1,NA,NA,NA
Jahdae Walker,WR,CHI,NA,0,0,0,7,0,32,430,5,0,1,1,NA,NA,NA
Xavier Legette,WR,CAR,168.6,0,0,0,11,0,36,417,3,0,1,1,168.6,NA,NA
Malik Benson,WR,LV,NA,0,0,0,4,0,35.5,419,2,0.5,0.65,1.35,NA,NA,NA
Troy Franklin,WR,DEN,186.4,0,0,0,11,0,36.5,403,3.5,0.5,0.528,1.472,186.4,162.7,NA
Tre' Harris,WR,LAC,169.3,0,0,0,0,0,35,410,2,0,1,1,169.3,175.8,NA
Malachi Fields,WR,NYG,150.9,0,0,0,0,0,33,408,2,0,1,1,150.9,155.4,NA
Tory Horton,WR,SEA,NA,0,0,0,3,0,30.5,400.5,4,0.5,0.681,1.319,NA,NA,NA
Ryan Flournoy,WR,DAL,172.8,0,0,0,12,0,34,383,3,0,1,1,172.8,160.4,166.3
DeMario Douglas,WR,NE,NA,0,0,0,21,0,30,365,2,0,1,1,NA,NA,NA
Ashton Dulin,WR,IND,NA,0,0,0,46,0,17.5,339,1.5,0,0.5,1.5,NA,NA,NA
Andrei Iosivas,WR,CIN,NA,0,0,0,11,0,29.5,373.5,2.5,0,0.78,1.22,NA,NA,NA
Zachariah Branch,WR,ATL,NA,0,0,0,0,0,31,382,2,0,1,1,NA,NA,NA
Isaac TeSlaa,WR,DET,171.2,0,0,0,0,0,25.5,352.5,4,0,0.851,1.149,NA,171.2,NA
Kevin Coleman Jr.,WR,MIA,NA,0,0,0,0,0,27,352,1,0,1,1,NA,NA,NA
Elic Ayomanor,WR,TEN,NA,0,0,0,0,0,25.5,342,3.5,0,0.5,1.5,NA,NA,NA
Keon Coleman,WR,BUF,178.6,0,0,0,0,0,24,338,3,0,1,1,178.6,NA,174.7
KaVontae Turpin,WR,DAL,NA,0,0,0,103,0,18,227,2,0,1,1,NA,NA,NA
Darnell Mooney,WR,NYG,NA,0,0,0,12,0,21,308,2,0,1,1,NA,NA,NA
Pat Bryant,WR,DEN,NA,0,0,0,0,0,28,320,2,0,1,1,NA,NA,NA
Marvin Mims Jr.,WR,DEN,NA,0,0,0,45,0,24,273,2,0,1,1,NA,NA,NA
Jack Bech,WR,LV,NA,0,0,0,0,0,28,315,1,0,1,1,NA,NA,NA
Zavion Thomas,WR,CHI,NA,0,0,0,6.5,0,23.5,305,2,1,0.532,1.468,NA,NA,NA
Chimere Dike,WR,TEN,133.8,0,0,0,33.5,0.5,28,271,3.5,0.5,0.5,1.5,133.8,NA,NA
Ted Hurst III,WR,TB,NA,0,0,0,0,0,23,295,2,0,1,1,NA,NA,NA
Demarcus Robinson,WR,SF,NA,0,0,0,2.5,0,19.5,276,2,0,0.5,1.5,NA,NA,NA
Tank Dell,WR,HOU,162.4,0,0,0,20,0,19,241.5,1.5,0,0.5,1.5,162.4,159.2,157.2
Mack Hollins,WR,NE,NA,0,0,0,0,0,21,258,2,0,1,1,NA,NA,NA
Kyle Williams,WR,NE,NA,0,0,0,22,0,16,230,1,0,1,1,NA,NA,NA
Cyrus Allen,WR,KCC,147.8,0,0,0,0,0,19,245,2,0,1,1,147.8,145.4,158.6
Kendrick Bourne,WR,ARI,NA,0,0,0,0,0,23,239,1,0,1,1,NA,NA,NA
Joshua Palmer,WR,BUF,NA,0,0,0,0,0,19,231,1,0,1,1,NA,NA,NA
Luke McCaffrey,WR,WAS,NA,0,0,0,0,0,14.5,221,2,0,0.5,1.5,NA,NA,NA
Treylon Burks,WR,WAS,NA,0,0,0,0,0,15,217,1,0,1,1,NA,NA,NA
Dyami Brown,WR,WAS,NA,0,0,0,0,0,16,216,2,0,1,1,NA,NA,NA
Kalif Raymond,WR,CHI,NA,0,0,0,27,0,19,188,1,0,1,1,NA,NA,NA
Devontez Walker,WR,BAL,NA,0,0,0,0,0,14,209,1,0,1,1,NA,NA,NA
Savion Williams,WR,GB,NA,0,0,0,46,0,13,149,1,0,1,1,NA,NA,NA
Isaiah Bond,WR,CLE,NA,0,0,0,24,0,11,152,1,0,1,1,NA,NA,NA
Skyler Bell,WR,BUF,NA,0,0,0,0,0,12,164,1,0,1,1,NA,NA,NA
Hollywood Brown,WR,PHI,NA,0,0,0,0,0,13,156,1,0,1,1,NA,NA,NA
Tutu Atwell,WR,LAR,NA,0,0,0,12,0,10,139,1,0,1,1,NA,NA,NA
Olamide Zaccheaus,WR,ATL,NA,0,0,0,0,0,14,142,1,0,1,1,NA,NA,NA
Roman Wilson,WR,PIT,NA,0,0,0,0,0,12,135,1,0,1,1,NA,NA,NA
Brenen Thompson,WR,LAC,NA,0,0,0,11,0,10,122,1,0,1,1,NA,NA,NA
Colbie Young,WR,CIN,NA,0,0,0,0,0,11,131,1,0,1,1,NA,NA,NA
Isaiah Williams,WR,NYJ,NA,0,0,0,13,0,12,114,0,0,1,1,NA,NA,NA
Elijah Sarratt,WR,BAL,NA,0,0,0,0,0,8,124,1,0,1,1,NA,NA,NA
Jaylin Lane,WR,WAS,NA,0,0,0,0,0,9,119,1,0,1,1,NA,NA,NA
Jimmy Horn Jr.,WR,CAR,NA,0,0,0,37,0,7,76,0,0,1,1,NA,NA,NA
Odell Beckham Jr.,WR,NYG,NA,0,0,0,0,0,9,113,1,0,1,1,NA,NA,NA
Tez Johnson,WR,TB,NA,0,0,0,23,0,7,77,1,0,1,1,NA,NA,NA
Jordan Whittington,WR,LAR,NA,0,0,0,12,0,8,85,1,0,1,1,NA,NA,NA
Barion Brown,WR,NO,NA,0,0,0,0,0,7,91,0,0,1,1,NA,NA,NA
Konata Mumpfield,WR,LAR,NA,0,0,0,0,0,7,84,1,0,1,1,NA,NA,NA
KeAndre Lambert-Smith,WR,LAC,NA,0,0,0,0,0,6,81,1,0,1,1,NA,NA,NA
Bo Melton,WR,GB,NA,0,0,0,13,0,5,66,0,0,1,1,NA,NA,NA
Jalen Royals,WR,KCC,NA,0,0,0,0,0,7,78,1,0,1,1,NA,NA,NA
Laquon Treadwell,WR,IND,NA,0,0,0,0,0,7,78,0,0,1,1,NA,NA,NA
Malachi Corley,WR,CLE,NA,0,0,0,44,0,3,34,0,0,1,1,NA,NA,NA
Tay Martin,WR,DET,NA,0,0,0,26,0,3,41,0,0,1,1,NA,NA,NA
Derius Davis,WR,LAC,NA,0,0,0,11,0,3,38,0,0,1,1,NA,NA,NA
Jacob Cowing,WR,SF,NA,0,0,0,0,0,3,44,0,0,1,1,NA,NA,NA
Xavier Smith,WR,LAR,NA,0,0,0,0,0,4,44,0,0,1,1,NA,NA,NA
